doublet_scores,predicted_doublets
1,0.1,Singlet
2,0.05,Singlet
3,0.05,Singlet
4,0.2,Singlet
5,0,Singlet
6,0.2,Singlet
7,0,Singlet
8,0.1,Singlet
9,0.1,Singlet
10,0.8,Singlet
11,0.15,Singlet
12,0.1,Singlet
13,0.15,Singlet
14,0,Singlet
15,0.05,Singlet
16,0.05,Singlet
17,0.15,Singlet
18,0.1,Singlet
19,0.2,Singlet
20,0.25,Singlet
21,0.2,Singlet
22,0,Singlet
23,0.05,Singlet
24,0.15,Singlet
25,0.1,Singlet
26,0,Singlet
27,0.25,Singlet
28,0,Singlet
29,0.15,Singlet
30,0.05,Singlet
31,0.05,Singlet
32,0.1,Singlet
33,0,Singlet
34,0,Singlet
35,0,Singlet
36,0.15,Singlet
37,0.05,Singlet
38,0.15,Singlet
39,0.05,Singlet
40,0.1,Singlet
41,0.05,Singlet
42,0.05,Singlet
43,0,Singlet
44,0.45,Singlet
45,0.1,Singlet
46,0.15,Singlet
47,0.05,Singlet
48,0.25,Singlet
49,0,Singlet
50,0.1,Singlet
51,0.15,Singlet
52,0,Singlet
53,0.2,Singlet
54,0.15,Singlet
55,0.1,Singlet
56,0.1,Singlet
57,0.15,Singlet
58,0.25,Singlet
59,0.1,Singlet
60,0.15,Singlet
61,0.15,Singlet
62,0.05,Singlet
63,0.2,Singlet
64,0.8,Singlet
65,0.05,Singlet
66,0.05,Singlet
67,0,Singlet
68,0.05,Singlet
69,0,Singlet
70,0.05,Singlet
71,0.05,Singlet
72,0.05,Singlet
73,0.05,Singlet
74,0.1,Singlet
75,0.15,Singlet
76,0,Singlet
77,0.3,Singlet
78,0.2,Singlet
79,0.05,Singlet
80,0.1,Singlet
81,0,Singlet
82,0.05,Singlet
83,0.3,Singlet
84,0.2,Singlet
85,0.3,Singlet
86,0.1,Singlet
87,0.05,Singlet
88,0.1,Singlet
89,0.15,Singlet
90,0.25,Singlet
91,0.15,Singlet
92,0.1,Singlet
93,0.2,Singlet
94,0.25,Singlet
95,0,Singlet
96,0,Singlet
97,0.15,Singlet
98,0,Singlet
99,0.15,Singlet
100,0.05,Singlet
101,0.1,Singlet
102,0.1,Singlet
103,0.15,Singlet
104,0.15,Singlet
105,0.1,Singlet
106,0.15,Singlet
107,0,Singlet
108,0,Singlet
109,0.2,Singlet
110,0.2,Singlet
111,0.1,Singlet
112,0.1,Singlet
113,0.2,Singlet
114,0.05,Singlet
115,0,Singlet
116,0.05,Singlet
117,0.1,Singlet
118,0.05,Singlet
119,0.2,Singlet
120,0.85,Singlet
121,0.15,Singlet
122,0,Singlet
123,0,Singlet
124,0,Singlet
125,0.2,Singlet
126,0.15,Singlet
127,0.2,Singlet
128,0,Singlet
129,0,Singlet
130,0.1,Singlet
131,0.05,Singlet
132,0.15,Singlet
133,0,Singlet
134,0.15,Singlet
135,0.05,Singlet
136,0,Singlet
137,0.1,Singlet
138,0.1,Singlet
139,0,Singlet
140,0.15,Singlet
141,0.15,Singlet
142,0.1,Singlet
143,0.2,Singlet
144,0.25,Singlet
145,0.1,Singlet
146,0.15,Singlet
147,0.05,Singlet
148,0.1,Singlet
149,0.15,Singlet
150,0,Singlet
151,0.1,Singlet
152,0.25,Singlet
153,0.05,Singlet
154,0.15,Singlet
155,0.05,Singlet
156,0.05,Singlet
157,0.2,Singlet
158,0.1,Singlet
159,0.15,Singlet
160,0.1,Singlet
161,0.1,Singlet
162,0.3,Singlet
163,0,Singlet
164,0.1,Singlet
165,0.05,Singlet
166,0.2,Singlet
167,0.1,Singlet
168,0,Singlet
169,0.05,Singlet
170,0.15,Singlet
171,0.1,Singlet
172,0.05,Singlet
173,0.15,Singlet
174,0,Singlet
175,0.05,Singlet
176,0.15,Singlet
177,0.25,Singlet
178,0,Singlet
179,0.15,Singlet
180,0.05,Singlet
181,0.15,Singlet
182,0.15,Singlet
183,0.1,Singlet
184,0.05,Singlet
185,0.3,Singlet
186,0.25,Singlet
187,0,Singlet
188,0.1,Singlet
189,0,Singlet
190,0.05,Singlet
191,0.1,Singlet
192,0.1,Singlet
193,0.25,Singlet
194,0.25,Singlet
195,0.05,Singlet
196,0.15,Singlet
197,0.1,Singlet
198,0.1,Singlet
199,0,Singlet
200,0.05,Singlet
201,0.15,Singlet
202,0.15,Singlet
203,0.1,Singlet
204,0,Singlet
205,0.05,Singlet
206,0.3,Singlet
207,0.5,Singlet
208,0.05,Singlet
209,0.05,Singlet
210,0.2,Singlet
211,0.15,Singlet
212,0,Singlet
213,0,Singlet
214,0.35,Singlet
215,0.1,Singlet
216,0.1,Singlet
217,0.05,Singlet
218,0.4,Singlet
219,0,Singlet
220,0.1,Singlet
221,0.2,Singlet
222,0,Singlet
223,0.35,Singlet
224,0.15,Singlet
225,0,Singlet
226,0,Singlet
227,0.1,Singlet
228,0.05,Singlet
229,0.1,Singlet
230,0.2,Singlet
231,0.1,Singlet
232,0.35,Singlet
233,0,Singlet
234,0,Singlet
235,0.15,Singlet
236,0.1,Singlet
237,0,Singlet
238,0.3,Singlet
239,0.15,Singlet
240,0.05,Singlet
241,0,Singlet
242,0.15,Singlet
243,0.1,Singlet
244,0.15,Singlet
245,0.3,Singlet
246,0.05,Singlet
247,0.2,Singlet
248,0.1,Singlet
249,0.05,Singlet
250,0.05,Singlet
251,0,Singlet
252,0.05,Singlet
253,0.25,Singlet
254,0.3,Singlet
255,0.15,Singlet
256,0.2,Singlet
257,0.15,Singlet
258,0.1,Singlet
259,0.1,Singlet
260,0.05,Singlet
261,0.05,Singlet
262,0.1,Singlet
263,0.05,Singlet
264,0.2,Singlet
265,0.2,Singlet
266,0.05,Singlet
267,0.05,Singlet
268,0.15,Singlet
269,0,Singlet
270,0.05,Singlet
271,0.05,Singlet
272,0.2,Singlet
273,0.05,Singlet
274,0.1,Singlet
275,0.15,Singlet
276,0.1,Singlet
277,0.2,Singlet
278,0,Singlet
279,0.1,Singlet
280,0.15,Singlet
281,0.3,Singlet
282,0.25,Singlet
283,0.05,Singlet
284,0.15,Singlet
285,0,Singlet
286,0.15,Singlet
287,0.2,Singlet
288,0.15,Singlet
289,0,Singlet
290,0,Singlet
291,0.15,Singlet
292,0.6,Singlet
293,0.15,Singlet
294,0.15,Singlet
295,0,Singlet
296,0.2,Singlet
297,0.15,Singlet
298,0.2,Singlet
299,0.1,Singlet
300,0,Singlet
301,0.1,Singlet
302,0.2,Singlet
303,0.35,Singlet
304,0.1,Singlet
305,0.05,Singlet
306,0.1,Singlet
307,0.15,Singlet
308,0.2,Singlet
309,0.05,Singlet
310,0,Singlet
311,0.1,Singlet
312,0.05,Singlet
313,0.05,Singlet
314,0,Singlet
315,0,Singlet
316,0.05,Singlet
317,0.2,Singlet
318,0,Singlet
319,0.2,Singlet
320,0.9,Doublet
321,0,Singlet
322,0.15,Singlet
323,0.25,Singlet
324,0,Singlet
325,0,Singlet
326,0.1,Singlet
327,0,Singlet
328,0,Singlet
329,0.15,Singlet
330,0,Singlet
331,0,Singlet
332,0.1,Singlet
333,0.05,Singlet
334,0.05,Singlet
335,0,Singlet
336,0,Singlet
337,0.05,Singlet
338,0.05,Singlet
339,0,Singlet
340,0,Singlet
341,0.15,Singlet
342,0.15,Singlet
343,0.05,Singlet
344,0.15,Singlet
345,0.3,Singlet
346,0.15,Singlet
347,0.1,Singlet
348,0.05,Singlet
349,0.1,Singlet
350,0.15,Singlet
351,0.2,Singlet
352,0.05,Singlet
353,0,Singlet
354,0,Singlet
355,0.2,Singlet
356,0.05,Singlet
357,0.1,Singlet
358,0,Singlet
359,0.15,Singlet
360,0,Singlet
361,0,Singlet
362,0.4,Singlet
363,0.1,Singlet
364,0.2,Singlet
365,0.05,Singlet
366,0.05,Singlet
367,0.25,Singlet
368,0,Singlet
369,0.5,Singlet
370,0.1,Singlet
371,0.1,Singlet
372,0,Singlet
373,0.35,Singlet
374,0.15,Singlet
375,0.05,Singlet
376,0,Singlet
377,0,Singlet
378,0.1,Singlet
379,0,Singlet
380,0.15,Singlet
381,0.05,Singlet
382,0,Singlet
383,0.25,Singlet
384,0,Singlet
385,0.05,Singlet
386,0,Singlet
387,0.2,Singlet
388,0.05,Singlet
389,0.45,Singlet
390,0,Singlet
391,0,Singlet
392,0.05,Singlet
393,0.25,Singlet
394,0,Singlet
395,0.15,Singlet
396,0,Singlet
397,0,Singlet
398,0.35,Singlet
399,0.15,Singlet
400,0.2,Singlet
401,0,Singlet
402,0.1,Singlet
403,0.05,Singlet
404,0.3,Singlet
405,0.2,Singlet
406,0.35,Singlet
407,0.1,Singlet
408,0.15,Singlet
409,0.3,Singlet
410,0.05,Singlet
411,0.15,Singlet
412,0.25,Singlet
413,0,Singlet
414,0.15,Singlet
415,0.1,Singlet
416,0.05,Singlet
417,0.1,Singlet
418,0.15,Singlet
419,0.15,Singlet
420,0,Singlet
421,0.15,Singlet
422,0.2,Singlet
423,0.1,Singlet
424,0,Singlet
425,0.25,Singlet
426,0.1,Singlet
427,0.05,Singlet
428,0.1,Singlet
429,0.15,Singlet
430,0.2,Singlet
431,0.2,Singlet
432,0.1,Singlet
433,0.05,Singlet
434,0.1,Singlet
435,0,Singlet
436,0.1,Singlet
437,0,Singlet
438,0.15,Singlet
439,0,Singlet
440,0.1,Singlet
441,0.2,Singlet
442,0.05,Singlet
443,0.05,Singlet
444,0.25,Singlet
445,0,Singlet
446,0.2,Singlet
447,0.1,Singlet
448,0,Singlet
449,0.05,Singlet
450,0.2,Singlet
451,0.1,Singlet
452,0.15,Singlet
453,0.1,Singlet
454,0.05,Singlet
455,0.1,Singlet
456,0.25,Singlet
457,0.15,Singlet
458,0.15,Singlet
459,0.05,Singlet
460,0.1,Singlet
461,0.15,Singlet
462,0.1,Singlet
463,0.1,Singlet
464,0.1,Singlet
465,0.05,Singlet
466,0.25,Singlet
467,0.05,Singlet
468,0.1,Singlet
469,0.2,Singlet
470,0,Singlet
471,0.1,Singlet
472,0,Singlet
473,0.15,Singlet
474,0.15,Singlet
475,0.1,Singlet
476,0.05,Singlet
477,0.05,Singlet
478,0.1,Singlet
479,0.05,Singlet
480,0.1,Singlet
481,0,Singlet
482,0.35,Singlet
483,0.15,Singlet
484,0.15,Singlet
485,0.1,Singlet
486,0,Singlet
487,0.15,Singlet
488,0.2,Singlet
489,0.15,Singlet
490,0.05,Singlet
491,0.15,Singlet
492,0.05,Singlet
493,0.1,Singlet
494,0,Singlet
495,0,Singlet
496,0.2,Singlet
497,0.05,Singlet
498,0.1,Singlet
499,0.05,Singlet
500,0.05,Singlet
