doublet_scores,predicted_doublets
1,0,Singlet
2,0.113636363636364,Singlet
3,0.0227272727272727,Singlet
4,0.0227272727272727,Singlet
5,0,Singlet
6,0.0227272727272727,Singlet
7,0,Singlet
8,0,Singlet
9,0,Singlet
10,0.0681818181818182,Singlet
11,0.5,Singlet
12,0.0454545454545455,Singlet
13,0,Singlet
14,0,Singlet
15,0.0227272727272727,Singlet
16,0.113636363636364,Singlet
17,0,Singlet
18,0,Singlet
19,0.0227272727272727,Singlet
20,0,Singlet
21,0,Singlet
22,0,Singlet
23,0,Singlet
24,0,Singlet
25,0,Singlet
26,0,Singlet
27,0,Singlet
28,0.181818181818182,Singlet
29,0.0909090909090909,Singlet
30,0,Singlet
31,0.0454545454545455,Singlet
32,0.0454545454545455,Singlet
33,0,Singlet
34,0,Singlet
35,0,Singlet
36,0,Singlet
37,0,Singlet
38,0,Singlet
39,0,Singlet
40,0,Singlet
41,0,Singlet
42,0,Singlet
43,0.0681818181818182,Singlet
44,0.0227272727272727,Singlet
45,0.0681818181818182,Singlet
46,0,Singlet
47,0,Singlet
48,0,Singlet
49,0.159090909090909,Singlet
50,0.0227272727272727,Singlet
51,0,Singlet
52,0.75,Singlet
53,0,Singlet
54,0.840909090909091,Singlet
55,0.0227272727272727,Singlet
56,0,Singlet
57,0,Singlet
58,0,Singlet
59,0.0227272727272727,Singlet
60,0,Singlet
61,0,Singlet
62,0,Singlet
63,0.545454545454545,Singlet
64,0.0227272727272727,Singlet
65,0.0909090909090909,Singlet
66,0,Singlet
67,0,Singlet
68,0,Singlet
69,0,Singlet
70,0.0227272727272727,Singlet
71,0,Singlet
72,0,Singlet
73,0.0227272727272727,Singlet
74,0,Singlet
75,0,Singlet
76,0.0227272727272727,Singlet
77,0.25,Singlet
78,0.0227272727272727,Singlet
79,0,Singlet
80,0,Singlet
81,0.0227272727272727,Singlet
82,0,Singlet
83,0.0227272727272727,Singlet
84,0,Singlet
85,0,Singlet
86,0,Singlet
87,0.159090909090909,Singlet
88,0.113636363636364,Singlet
89,0.0227272727272727,Singlet
90,0.0227272727272727,Singlet
91,0.0454545454545455,Singlet
92,0.522727272727273,Singlet
93,0.0909090909090909,Singlet
94,0.704545454545455,Singlet
95,0,Singlet
96,0,Singlet
97,0,Singlet
98,0,Singlet
99,0.0681818181818182,Singlet
100,0,Singlet
101,0,Singlet
102,0.0227272727272727,Singlet
103,0.0227272727272727,Singlet
104,0.295454545454545,Singlet
105,0.113636363636364,Singlet
106,0,Singlet
107,0.0454545454545455,Singlet
108,0,Singlet
109,0.25,Singlet
110,0,Singlet
111,0,Singlet
112,0,Singlet
113,0,Singlet
114,0.0227272727272727,Singlet
115,0,Singlet
116,0.0227272727272727,Singlet
117,0,Singlet
118,0.0227272727272727,Singlet
119,0.0227272727272727,Singlet
120,0,Singlet
121,0.0454545454545455,Singlet
122,0.477272727272727,Singlet
123,0,Singlet
124,0.181818181818182,Singlet
125,0.0227272727272727,Singlet
126,0,Singlet
127,0,Singlet
128,0,Singlet
129,0,Singlet
130,0.0454545454545455,Singlet
131,0,Singlet
132,0,Singlet
133,0,Singlet
134,0.136363636363636,Singlet
135,0,Singlet
136,0,Singlet
137,0.159090909090909,Singlet
138,0,Singlet
139,0,Singlet
140,0,Singlet
141,0.0227272727272727,Singlet
142,0.0227272727272727,Singlet
143,0,Singlet
144,0.636363636363636,Singlet
145,0,Singlet
146,0,Singlet
147,0,Singlet
148,0.386363636363636,Singlet
149,0,Singlet
150,0,Singlet
151,0,Singlet
152,0,Singlet
153,0.0454545454545455,Singlet
154,0,Singlet
155,0.0681818181818182,Singlet
156,0.0227272727272727,Singlet
157,0.0227272727272727,Singlet
158,0.0454545454545455,Singlet
159,0.227272727272727,Singlet
160,0.0227272727272727,Singlet
161,0.0454545454545455,Singlet
162,0,Singlet
163,0.159090909090909,Singlet
164,0.840909090909091,Singlet
165,0.0454545454545455,Singlet
166,0,Singlet
167,0,Singlet
168,0,Singlet
169,0.772727272727273,Singlet
170,0.0227272727272727,Singlet
171,0,Singlet
172,0,Singlet
173,0,Singlet
174,0.272727272727273,Singlet
175,0.931818181818182,Singlet
176,0,Singlet
177,0,Singlet
178,0.0227272727272727,Singlet
179,0,Singlet
180,0,Singlet
181,0.0227272727272727,Singlet
182,0,Singlet
183,0,Singlet
184,0,Singlet
185,0.0227272727272727,Singlet
186,0.522727272727273,Singlet
187,0.840909090909091,Singlet
188,0.136363636363636,Singlet
189,0,Singlet
190,0.318181818181818,Singlet
191,0.204545454545455,Singlet
192,0.0454545454545455,Singlet
193,0,Singlet
194,0,Singlet
195,0.0227272727272727,Singlet
196,0,Singlet
197,0.0227272727272727,Singlet
198,0,Singlet
199,0.659090909090909,Singlet
200,0,Singlet
201,0,Singlet
202,0,Singlet
203,0,Singlet
204,0,Singlet
205,0,Singlet
206,0.0227272727272727,Singlet
207,0,Singlet
208,0,Singlet
209,0.0227272727272727,Singlet
210,0.0227272727272727,Singlet
211,0,Singlet
212,0,Singlet
213,0,Singlet
214,0,Singlet
215,0.545454545454545,Singlet
216,0.0454545454545455,Singlet
217,0.0227272727272727,Singlet
218,0,Singlet
219,0,Singlet
220,0.0227272727272727,Singlet
221,0,Singlet
222,0,Singlet
223,0,Singlet
224,0.0454545454545455,Singlet
225,0,Singlet
226,0.0227272727272727,Singlet
227,0,Singlet
228,0,Singlet
229,0.159090909090909,Singlet
230,0.0909090909090909,Singlet
231,0,Singlet
232,0,Singlet
233,0,Singlet
234,0,Singlet
235,0,Singlet
236,0.0909090909090909,Singlet
237,0.409090909090909,Singlet
238,0.0227272727272727,Singlet
239,0.0227272727272727,Singlet
240,0.0227272727272727,Singlet
241,0,Singlet
242,0.363636363636364,Singlet
243,0,Singlet
244,0.0681818181818182,Singlet
245,0.0454545454545455,Singlet
246,0.340909090909091,Singlet
247,0,Singlet
248,0,Singlet
249,0,Singlet
250,0.0227272727272727,Singlet
251,0,Singlet
252,0.159090909090909,Singlet
253,0,Singlet
254,0.0681818181818182,Singlet
255,0,Singlet
256,0.25,Singlet
257,0,Singlet
258,0,Singlet
259,0,Singlet
260,0,Singlet
261,0.0909090909090909,Singlet
262,0.863636363636364,Singlet
263,0,Singlet
264,0.113636363636364,Singlet
265,0.0227272727272727,Singlet
266,0,Singlet
267,0,Singlet
268,0.75,Singlet
269,0.0227272727272727,Singlet
270,0,Singlet
271,0.863636363636364,Singlet
272,0,Singlet
273,0,Singlet
274,0.0227272727272727,Singlet
275,0.727272727272727,Singlet
276,0,Singlet
277,0.181818181818182,Singlet
278,0.0681818181818182,Singlet
279,0.0909090909090909,Singlet
280,0.363636363636364,Singlet
281,0.0909090909090909,Singlet
282,0.0454545454545455,Singlet
283,0,Singlet
284,0,Singlet
285,0,Singlet
286,0.0227272727272727,Singlet
287,0,Singlet
288,0,Singlet
289,0,Singlet
290,0.0227272727272727,Singlet
291,0,Singlet
292,0,Singlet
293,0,Singlet
294,0,Singlet
295,0,Singlet
296,0,Singlet
297,0.0227272727272727,Singlet
298,0,Singlet
299,0,Singlet
300,0,Singlet
301,0,Singlet
302,0,Singlet
303,0.863636363636364,Singlet
304,0,Singlet
305,0.0227272727272727,Singlet
306,0,Singlet
307,0,Singlet
308,0,Singlet
309,0,Singlet
310,0,Singlet
311,0,Singlet
312,0.0454545454545455,Singlet
313,0.0681818181818182,Singlet
314,0,Singlet
315,0.0227272727272727,Singlet
316,0,Singlet
317,0.113636363636364,Singlet
318,0,Singlet
319,0,Singlet
320,0,Singlet
321,0.0227272727272727,Singlet
322,0,Singlet
323,0,Singlet
324,0,Singlet
325,0,Singlet
326,0.454545454545455,Singlet
327,0.0227272727272727,Singlet
328,0.545454545454545,Singlet
329,0,Singlet
330,0,Singlet
331,0,Singlet
332,0.0227272727272727,Singlet
333,0.659090909090909,Singlet
334,0.113636363636364,Singlet
335,0.0227272727272727,Singlet
336,0.136363636363636,Singlet
337,0,Singlet
338,0,Singlet
339,0.227272727272727,Singlet
340,0.25,Singlet
341,0,Singlet
342,0,Singlet
343,0.295454545454545,Singlet
344,0.0454545454545455,Singlet
345,0,Singlet
346,0.0454545454545455,Singlet
347,0,Singlet
348,0,Singlet
349,0,Singlet
350,0,Singlet
351,0,Singlet
352,0,Singlet
353,0.0227272727272727,Singlet
354,0.272727272727273,Singlet
355,0.0227272727272727,Singlet
356,0.0454545454545455,Singlet
357,0,Singlet
358,0.0227272727272727,Singlet
359,0,Singlet
360,0.0227272727272727,Singlet
361,0,Singlet
362,0,Singlet
363,0,Singlet
364,0.0227272727272727,Singlet
365,0.0227272727272727,Singlet
366,0.340909090909091,Singlet
367,0.0454545454545455,Singlet
368,0.113636363636364,Singlet
369,0.0681818181818182,Singlet
370,0.0909090909090909,Singlet
371,0,Singlet
372,0,Singlet
373,0,Singlet
374,0,Singlet
375,0,Singlet
376,0.227272727272727,Singlet
377,0.0454545454545455,Singlet
378,0,Singlet
379,0.0227272727272727,Singlet
380,0.0454545454545455,Singlet
381,0,Singlet
382,0.0454545454545455,Singlet
383,0,Singlet
384,0.0227272727272727,Singlet
385,0,Singlet
386,0.0454545454545455,Singlet
387,0.909090909090909,Singlet
388,0.0454545454545455,Singlet
389,0,Singlet
390,0,Singlet
391,0,Singlet
392,0.795454545454545,Singlet
393,0,Singlet
394,0,Singlet
395,0.0454545454545455,Singlet
396,0.0227272727272727,Singlet
397,0,Singlet
398,0,Singlet
399,0.295454545454545,Singlet
400,0.454545454545455,Singlet
401,0.295454545454545,Singlet
402,0,Singlet
403,0,Singlet
404,0,Singlet
405,0,Singlet
406,0,Singlet
407,0,Singlet
408,0,Singlet
409,0,Singlet
410,0,Singlet
411,0.522727272727273,Singlet
412,0,Singlet
413,0.0454545454545455,Singlet
414,0.0227272727272727,Singlet
415,0,Singlet
416,0.568181818181818,Singlet
417,0.113636363636364,Singlet
418,0.136363636363636,Singlet
419,0.386363636363636,Singlet
420,0.204545454545455,Singlet
421,0.0227272727272727,Singlet
422,0,Singlet
423,0,Singlet
424,0.0909090909090909,Singlet
425,0,Singlet
426,0.0227272727272727,Singlet
427,0.0454545454545455,Singlet
428,0,Singlet
429,0.681818181818182,Singlet
430,0.0227272727272727,Singlet
431,0,Singlet
432,0,Singlet
433,0,Singlet
434,0,Singlet
435,0.545454545454545,Singlet
436,0.136363636363636,Singlet
437,0,Singlet
438,0,Singlet
439,0.0227272727272727,Singlet
440,0.0227272727272727,Singlet
441,0,Singlet
442,0,Singlet
443,0,Singlet
444,0,Singlet
445,0,Singlet
446,0,Singlet
447,0.181818181818182,Singlet
448,0.0227272727272727,Singlet
449,0,Singlet
450,0,Singlet
451,0.0227272727272727,Singlet
452,0.0227272727272727,Singlet
453,0.0227272727272727,Singlet
454,0.0227272727272727,Singlet
455,0,Singlet
456,0,Singlet
457,0,Singlet
458,0,Singlet
459,0.0227272727272727,Singlet
460,0,Singlet
461,0.363636363636364,Singlet
462,0.545454545454545,Singlet
463,0.0227272727272727,Singlet
464,0,Singlet
465,0.0909090909090909,Singlet
466,0.613636363636364,Singlet
467,0.0227272727272727,Singlet
468,0,Singlet
469,0,Singlet
470,0,Singlet
471,0.0227272727272727,Singlet
472,0.0227272727272727,Singlet
473,0,Singlet
474,0,Singlet
475,0,Singlet
476,0,Singlet
477,0,Singlet
478,0.136363636363636,Singlet
479,0,Singlet
480,0,Singlet
481,0.0454545454545455,Singlet
482,0,Singlet
483,0,Singlet
484,0,Singlet
485,0,Singlet
486,0,Singlet
487,0,Singlet
488,0.0681818181818182,Singlet
489,0.772727272727273,Singlet
490,0,Singlet
491,0,Singlet
492,0.0227272727272727,Singlet
493,0,Singlet
494,0.0454545454545455,Singlet
495,0,Singlet
496,0,Singlet
497,0.181818181818182,Singlet
498,0,Singlet
499,0.0454545454545455,Singlet
500,0,Singlet
501,0,Singlet
502,0,Singlet
503,0.181818181818182,Singlet
504,0,Singlet
505,0,Singlet
506,0,Singlet
507,0,Singlet
508,0,Singlet
509,0.25,Singlet
510,0,Singlet
511,0.0227272727272727,Singlet
512,0.0227272727272727,Singlet
513,0,Singlet
514,0.0227272727272727,Singlet
515,0.227272727272727,Singlet
516,0.295454545454545,Singlet
517,0.295454545454545,Singlet
518,0,Singlet
519,0.0454545454545455,Singlet
520,0,Singlet
521,0.0454545454545455,Singlet
522,0.0454545454545455,Singlet
523,0,Singlet
524,0.181818181818182,Singlet
525,0,Singlet
526,0,Singlet
527,0,Singlet
528,0.272727272727273,Singlet
529,0,Singlet
530,0.0454545454545455,Singlet
531,0,Singlet
532,0.0454545454545455,Singlet
533,0,Singlet
534,0,Singlet
535,0.0681818181818182,Singlet
536,0.227272727272727,Singlet
537,0,Singlet
538,0.0681818181818182,Singlet
539,0,Singlet
540,0,Singlet
541,0,Singlet
542,0,Singlet
543,0.0227272727272727,Singlet
544,0,Singlet
545,0.0454545454545455,Singlet
546,0.0909090909090909,Singlet
547,0.0454545454545455,Singlet
548,0,Singlet
549,0,Singlet
550,0,Singlet
551,0.159090909090909,Singlet
552,0,Singlet
553,0.227272727272727,Singlet
554,0,Singlet
555,0,Singlet
556,0.636363636363636,Singlet
557,0,Singlet
558,0,Singlet
559,0.0227272727272727,Singlet
560,0,Singlet
561,0,Singlet
562,0,Singlet
563,0.181818181818182,Singlet
564,0.0227272727272727,Singlet
565,0,Singlet
566,0,Singlet
567,0,Singlet
568,0.0454545454545455,Singlet
569,0,Singlet
570,0.5,Singlet
571,0,Singlet
572,0.0454545454545455,Singlet
573,0,Singlet
574,0,Singlet
575,0,Singlet
576,0.0227272727272727,Singlet
577,0,Singlet
578,0,Singlet
579,0.772727272727273,Singlet
580,0.0227272727272727,Singlet
581,0.0454545454545455,Singlet
582,0.0227272727272727,Singlet
583,0.227272727272727,Singlet
584,0.159090909090909,Singlet
585,0.295454545454545,Singlet
586,0.0454545454545455,Singlet
587,0,Singlet
588,0.0227272727272727,Singlet
589,0.0681818181818182,Singlet
590,0,Singlet
591,0,Singlet
592,0.704545454545455,Singlet
593,0,Singlet
594,0.0454545454545455,Singlet
595,0,Singlet
596,0.113636363636364,Singlet
597,0.0454545454545455,Singlet
598,0,Singlet
599,0,Singlet
600,0.0909090909090909,Singlet
601,0,Singlet
602,0,Singlet
603,0,Singlet
604,0.0227272727272727,Singlet
605,0.772727272727273,Singlet
606,0,Singlet
607,0,Singlet
608,0.727272727272727,Singlet
609,0,Singlet
610,0,Singlet
611,0.0227272727272727,Singlet
612,0,Singlet
613,0,Singlet
614,0,Singlet
615,0,Singlet
616,0.0227272727272727,Singlet
617,0,Singlet
618,0.0227272727272727,Singlet
619,0,Singlet
620,0,Singlet
621,0.0227272727272727,Singlet
622,0.204545454545455,Singlet
623,0,Singlet
624,0,Singlet
625,0.0227272727272727,Singlet
626,0,Singlet
627,0.0454545454545455,Singlet
628,0.0909090909090909,Singlet
629,0.0454545454545455,Singlet
630,0.0454545454545455,Singlet
631,0.0227272727272727,Singlet
632,0.113636363636364,Singlet
633,0,Singlet
634,0.113636363636364,Singlet
635,0.295454545454545,Singlet
636,0,Singlet
637,0,Singlet
638,0.0681818181818182,Singlet
639,0.0227272727272727,Singlet
640,0.0227272727272727,Singlet
641,0.0454545454545455,Singlet
642,0,Singlet
643,0,Singlet
644,0.181818181818182,Singlet
645,0.0681818181818182,Singlet
646,0.522727272727273,Singlet
647,0,Singlet
648,0,Singlet
649,0.0227272727272727,Singlet
650,0.0454545454545455,Singlet
651,0,Singlet
652,0,Singlet
653,0.840909090909091,Singlet
654,0,Singlet
655,0,Singlet
656,0.0227272727272727,Singlet
657,0,Singlet
658,0.0227272727272727,Singlet
659,0,Singlet
660,0.0681818181818182,Singlet
661,0.0909090909090909,Singlet
662,0,Singlet
663,0,Singlet
664,0,Singlet
665,0,Singlet
666,0,Singlet
667,0.295454545454545,Singlet
668,0.0681818181818182,Singlet
669,0,Singlet
670,0,Singlet
671,0,Singlet
672,0.0681818181818182,Singlet
673,0.0227272727272727,Singlet
674,0.0227272727272727,Singlet
675,0,Singlet
676,0,Singlet
677,0,Singlet
678,0.0227272727272727,Singlet
679,0.613636363636364,Singlet
680,0,Singlet
681,0.545454545454545,Singlet
682,0.204545454545455,Singlet
683,0,Singlet
684,0,Singlet
685,0,Singlet
686,0,Singlet
687,0,Singlet
688,0.386363636363636,Singlet
689,0.0454545454545455,Singlet
690,0,Singlet
691,0,Singlet
692,0,Singlet
693,0.136363636363636,Singlet
694,0,Singlet
695,0,Singlet
696,0,Singlet
697,0,Singlet
698,0,Singlet
699,0,Singlet
700,0,Singlet
701,0,Singlet
702,0.0227272727272727,Singlet
703,0.0454545454545455,Singlet
704,0,Singlet
705,0.0681818181818182,Singlet
706,0,Singlet
707,0.204545454545455,Singlet
708,0.0227272727272727,Singlet
709,0.0454545454545455,Singlet
710,0,Singlet
711,0,Singlet
712,0,Singlet
713,0.863636363636364,Singlet
714,0.0227272727272727,Singlet
715,0,Singlet
716,0,Singlet
717,0.0909090909090909,Singlet
718,0,Singlet
719,0.0454545454545455,Singlet
720,0.25,Singlet
721,0.0227272727272727,Singlet
722,0,Singlet
723,0,Singlet
724,0,Singlet
725,0,Singlet
726,0.0227272727272727,Singlet
727,0,Singlet
728,0,Singlet
729,0,Singlet
730,0,Singlet
731,0.295454545454545,Singlet
732,0,Singlet
733,0,Singlet
734,0.0227272727272727,Singlet
735,0,Singlet
736,0,Singlet
737,0,Singlet
738,0,Singlet
739,0,Singlet
740,0,Singlet
741,0.0909090909090909,Singlet
742,0.0681818181818182,Singlet
743,0,Singlet
744,0.340909090909091,Singlet
745,0,Singlet
746,0,Singlet
747,0,Singlet
748,0.0454545454545455,Singlet
749,0.0227272727272727,Singlet
750,0,Singlet
751,0,Singlet
752,0.136363636363636,Singlet
753,0.0454545454545455,Singlet
754,0.0227272727272727,Singlet
755,0,Singlet
756,0,Singlet
757,0,Singlet
758,0.136363636363636,Singlet
759,0,Singlet
760,0,Singlet
761,0,Singlet
762,0.227272727272727,Singlet
763,0.0227272727272727,Singlet
764,0,Singlet
765,0.545454545454545,Singlet
766,0.0227272727272727,Singlet
767,0,Singlet
768,0.0227272727272727,Singlet
769,0,Singlet
770,0,Singlet
771,0,Singlet
772,0,Singlet
773,0.0454545454545455,Singlet
774,0,Singlet
775,0.0227272727272727,Singlet
776,0,Singlet
777,0.0454545454545455,Singlet
778,0,Singlet
779,0,Singlet
780,0,Singlet
781,0.0227272727272727,Singlet
782,0.113636363636364,Singlet
783,0,Singlet
784,0,Singlet
785,0,Singlet
786,0.636363636363636,Singlet
787,0.113636363636364,Singlet
788,0.0909090909090909,Singlet
789,0,Singlet
790,0.0454545454545455,Singlet
791,0.0227272727272727,Singlet
792,0,Singlet
793,0.0909090909090909,Singlet
794,0,Singlet
795,0,Singlet
796,0.0454545454545455,Singlet
797,0.409090909090909,Singlet
798,0,Singlet
799,0,Singlet
800,0.0227272727272727,Singlet
801,0.0909090909090909,Singlet
802,0.181818181818182,Singlet
803,0,Singlet
804,0,Singlet
805,0.227272727272727,Singlet
806,0.0227272727272727,Singlet
807,0,Singlet
808,0,Singlet
809,0.181818181818182,Singlet
810,0,Singlet
811,0,Singlet
812,0,Singlet
813,0,Singlet
814,0,Singlet
815,0,Singlet
816,0.181818181818182,Singlet
817,0,Singlet
818,0,Singlet
819,0,Singlet
820,0,Singlet
821,0.0227272727272727,Singlet
822,0.181818181818182,Singlet
823,0.0227272727272727,Singlet
824,0.0681818181818182,Singlet
825,0,Singlet
826,0,Singlet
827,0,Singlet
828,0,Singlet
829,0,Singlet
830,0,Singlet
831,0,Singlet
832,0,Singlet
833,0.0227272727272727,Singlet
834,0,Singlet
835,0.0681818181818182,Singlet
836,0,Singlet
837,0.113636363636364,Singlet
838,0,Singlet
839,0.0454545454545455,Singlet
840,0,Singlet
841,0,Singlet
842,0,Singlet
843,0,Singlet
844,0,Singlet
845,0,Singlet
846,0.0454545454545455,Singlet
847,0.727272727272727,Singlet
848,0.272727272727273,Singlet
849,0,Singlet
850,0.0454545454545455,Singlet
851,0,Singlet
852,0,Singlet
853,0,Singlet
854,0.0454545454545455,Singlet
855,0,Singlet
856,0.318181818181818,Singlet
857,0,Singlet
858,0,Singlet
859,0.25,Singlet
860,0.0227272727272727,Singlet
861,0.0681818181818182,Singlet
862,0,Singlet
863,0.0227272727272727,Singlet
864,0,Singlet
865,0.272727272727273,Singlet
866,0,Singlet
867,0.0227272727272727,Singlet
868,0,Singlet
869,0,Singlet
870,0,Singlet
871,0.0909090909090909,Singlet
872,0.0454545454545455,Singlet
873,0,Singlet
874,0.113636363636364,Singlet
875,0.0454545454545455,Singlet
876,0.0454545454545455,Singlet
877,0,Singlet
878,0.0227272727272727,Singlet
879,0.0227272727272727,Singlet
880,0,Singlet
881,0,Singlet
882,0,Singlet
883,0,Singlet
884,0,Singlet
885,0.0454545454545455,Singlet
886,0.159090909090909,Singlet
887,0,Singlet
888,0,Singlet
889,0,Singlet
890,0,Singlet
891,0,Singlet
892,0,Singlet
893,0.181818181818182,Singlet
894,0.0227272727272727,Singlet
895,0,Singlet
896,0.0454545454545455,Singlet
897,0,Singlet
898,0.0227272727272727,Singlet
899,0.704545454545455,Singlet
900,0,Singlet
901,0,Singlet
902,0.0681818181818182,Singlet
903,0,Singlet
904,0.0227272727272727,Singlet
905,0,Singlet
906,0.0454545454545455,Singlet
907,0.0454545454545455,Singlet
908,0,Singlet
909,0.0227272727272727,Singlet
910,0.0227272727272727,Singlet
911,0.0227272727272727,Singlet
912,0.0454545454545455,Singlet
913,0,Singlet
914,0.0454545454545455,Singlet
915,0,Singlet
916,0.636363636363636,Singlet
917,0,Singlet
918,0.0909090909090909,Singlet
919,0.0681818181818182,Singlet
920,0,Singlet
921,0.318181818181818,Singlet
922,0,Singlet
923,0,Singlet
924,0.0227272727272727,Singlet
925,0.5,Singlet
926,0.0681818181818182,Singlet
927,0.0454545454545455,Singlet
928,0,Singlet
929,0,Singlet
930,0,Singlet
931,0,Singlet
932,0,Singlet
933,0.0227272727272727,Singlet
934,0.0454545454545455,Singlet
935,0.0227272727272727,Singlet
936,0,Singlet
937,0,Singlet
938,0.318181818181818,Singlet
939,0.0454545454545455,Singlet
940,0.75,Singlet
941,0,Singlet
942,0.0454545454545455,Singlet
943,0.0227272727272727,Singlet
944,0,Singlet
945,0.795454545454545,Singlet
946,0,Singlet
947,0.522727272727273,Singlet
948,0,Singlet
949,0.454545454545455,Singlet
950,0.0227272727272727,Singlet
951,0,Singlet
952,0.0454545454545455,Singlet
953,0.931818181818182,Singlet
954,0.863636363636364,Singlet
955,0.522727272727273,Singlet
956,0.181818181818182,Singlet
957,0,Singlet
958,0,Singlet
959,0.818181818181818,Singlet
960,0,Singlet
961,0.363636363636364,Singlet
962,0,Singlet
963,0,Singlet
964,0,Singlet
965,0,Singlet
966,0,Singlet
967,0,Singlet
968,0.25,Singlet
969,0.0227272727272727,Singlet
970,0.25,Singlet
971,0.681818181818182,Singlet
972,0,Singlet
973,0,Singlet
974,0,Singlet
975,0.0227272727272727,Singlet
976,0,Singlet
977,0,Singlet
978,0,Singlet
979,0.363636363636364,Singlet
980,0,Singlet
981,0.113636363636364,Singlet
982,0,Singlet
983,0,Singlet
984,0.181818181818182,Singlet
985,0.113636363636364,Singlet
986,0.136363636363636,Singlet
987,0,Singlet
988,0.0909090909090909,Singlet
989,0,Singlet
990,0.0681818181818182,Singlet
991,0,Singlet
992,0.0227272727272727,Singlet
993,0,Singlet
994,0,Singlet
995,0.0227272727272727,Singlet
996,0,Singlet
997,0.0227272727272727,Singlet
998,0.0454545454545455,Singlet
999,0.0454545454545455,Singlet
1000,0,Singlet
1001,0,Singlet
1002,0,Singlet
1003,0,Singlet
1004,0.0681818181818182,Singlet
1005,0.159090909090909,Singlet
1006,0.0454545454545455,Singlet
1007,0,Singlet
1008,0,Singlet
1009,0,Singlet
1010,0,Singlet
1011,0.113636363636364,Singlet
1012,0,Singlet
1013,0.0227272727272727,Singlet
1014,0,Singlet
1015,0.0227272727272727,Singlet
1016,0.0909090909090909,Singlet
1017,0.0227272727272727,Singlet
1018,0,Singlet
1019,0,Singlet
1020,0,Singlet
1021,0.113636363636364,Singlet
1022,0,Singlet
1023,0.0454545454545455,Singlet
1024,0,Singlet
1025,0,Singlet
1026,0.0454545454545455,Singlet
1027,0,Singlet
1028,0,Singlet
1029,0,Singlet
1030,0.0681818181818182,Singlet
1031,0,Singlet
1032,0,Singlet
1033,0.25,Singlet
1034,0,Singlet
1035,0.0454545454545455,Singlet
1036,0.159090909090909,Singlet
1037,0,Singlet
1038,0,Singlet
1039,0.0227272727272727,Singlet
1040,0,Singlet
1041,0,Singlet
1042,0,Singlet
1043,0,Singlet
1044,0.0227272727272727,Singlet
1045,0,Singlet
1046,0.0454545454545455,Singlet
1047,0,Singlet
1048,0,Singlet
1049,0.136363636363636,Singlet
1050,0.0454545454545455,Singlet
1051,0.0681818181818182,Singlet
1052,0.0681818181818182,Singlet
1053,0,Singlet
1054,0,Singlet
1055,0,Singlet
1056,0,Singlet
1057,0,Singlet
1058,0.0227272727272727,Singlet
1059,0,Singlet
1060,0,Singlet
1061,0,Singlet
1062,0,Singlet
1063,0,Singlet
1064,0,Singlet
1065,0.0227272727272727,Singlet
1066,0.159090909090909,Singlet
1067,0,Singlet
1068,0.613636363636364,Singlet
1069,0,Singlet
1070,0.0909090909090909,Singlet
1071,0,Singlet
1072,0.363636363636364,Singlet
1073,0,Singlet
1074,0,Singlet
1075,0,Singlet
1076,0,Singlet
1077,0,Singlet
1078,0.0227272727272727,Singlet
1079,0,Singlet
1080,0.0909090909090909,Singlet
1081,0,Singlet
1082,0,Singlet
1083,0.113636363636364,Singlet
1084,0.181818181818182,Singlet
1085,0,Singlet
1086,0,Singlet
1087,0,Singlet
1088,0,Singlet
1089,0,Singlet
1090,0.863636363636364,Singlet
1091,0,Singlet
1092,0,Singlet
1093,0,Singlet
1094,0,Singlet
1095,0,Singlet
1096,0,Singlet
1097,0,Singlet
1098,0.0227272727272727,Singlet
1099,0,Singlet
1100,0.136363636363636,Singlet
1101,0.0227272727272727,Singlet
1102,0.0681818181818182,Singlet
1103,0,Singlet
1104,0,Singlet
1105,0,Singlet
1106,0.0909090909090909,Singlet
1107,0,Singlet
1108,0,Singlet
1109,0,Singlet
1110,0,Singlet
1111,0,Singlet
1112,0.0454545454545455,Singlet
1113,0.0681818181818182,Singlet
1114,0,Singlet
1115,0,Singlet
1116,0,Singlet
1117,0.204545454545455,Singlet
1118,0,Singlet
1119,0,Singlet
1120,0,Singlet
1121,0.0909090909090909,Singlet
1122,0.0909090909090909,Singlet
1123,0.0227272727272727,Singlet
1124,0.0227272727272727,Singlet
1125,0,Singlet
1126,0.0227272727272727,Singlet
1127,0.0227272727272727,Singlet
1128,0,Singlet
1129,0,Singlet
1130,0,Singlet
1131,0.227272727272727,Singlet
1132,0.545454545454545,Singlet
1133,0.0227272727272727,Singlet
1134,0.0454545454545455,Singlet
1135,0,Singlet
1136,0,Singlet
1137,0,Singlet
1138,0.386363636363636,Singlet
1139,0,Singlet
1140,0.0681818181818182,Singlet
1141,0.0227272727272727,Singlet
1142,0.0227272727272727,Singlet
1143,0,Singlet
1144,0.0227272727272727,Singlet
1145,0,Singlet
1146,0.0681818181818182,Singlet
1147,0,Singlet
1148,0.113636363636364,Singlet
1149,0,Singlet
1150,0,Singlet
1151,0.0227272727272727,Singlet
1152,0.477272727272727,Singlet
1153,0,Singlet
1154,0,Singlet
1155,0,Singlet
1156,0,Singlet
1157,0,Singlet
1158,0.727272727272727,Singlet
1159,0.0681818181818182,Singlet
1160,0,Singlet
1161,0,Singlet
1162,0.75,Singlet
1163,0,Singlet
1164,0.0227272727272727,Singlet
1165,0,Singlet
1166,0,Singlet
1167,0,Singlet
1168,0,Singlet
1169,0.0227272727272727,Singlet
1170,0,Singlet
1171,0,Singlet
1172,0.863636363636364,Singlet
1173,0,Singlet
1174,0,Singlet
1175,0.0227272727272727,Singlet
1176,0.318181818181818,Singlet
1177,0.0909090909090909,Singlet
1178,0,Singlet
1179,0,Singlet
1180,0,Singlet
1181,0.113636363636364,Singlet
1182,0,Singlet
1183,0.659090909090909,Singlet
1184,0.454545454545455,Singlet
1185,0.0454545454545455,Singlet
1186,0,Singlet
1187,0,Singlet
1188,0.0681818181818182,Singlet
1189,0,Singlet
1190,0.0681818181818182,Singlet
1191,0.0227272727272727,Singlet
1192,0,Singlet
1193,0,Singlet
1194,0,Singlet
1195,0,Singlet
1196,0.0454545454545455,Singlet
1197,0.0227272727272727,Singlet
1198,0,Singlet
1199,0,Singlet
1200,0,Singlet
1201,0,Singlet
1202,0,Singlet
1203,0,Singlet
1204,0.227272727272727,Singlet
1205,0,Singlet
1206,0.0681818181818182,Singlet
1207,0,Singlet
1208,0.0227272727272727,Singlet
1209,0,Singlet
1210,0,Singlet
1211,0,Singlet
1212,0.0909090909090909,Singlet
1213,0.0227272727272727,Singlet
1214,0.0227272727272727,Singlet
1215,0.0681818181818182,Singlet
1216,0.0454545454545455,Singlet
1217,0.363636363636364,Singlet
1218,0.113636363636364,Singlet
1219,0.0227272727272727,Singlet
1220,0,Singlet
1221,0,Singlet
1222,0.0227272727272727,Singlet
1223,0,Singlet
1224,0.272727272727273,Singlet
1225,0.0681818181818182,Singlet
1226,0.0227272727272727,Singlet
1227,0.0454545454545455,Singlet
1228,0,Singlet
1229,0,Singlet
1230,0,Singlet
1231,0.0681818181818182,Singlet
1232,0,Singlet
1233,0,Singlet
1234,0.0454545454545455,Singlet
1235,0,Singlet
1236,0.0454545454545455,Singlet
1237,0,Singlet
1238,0,Singlet
1239,0,Singlet
1240,0,Singlet
1241,0.0227272727272727,Singlet
1242,0,Singlet
1243,0,Singlet
1244,0,Singlet
1245,0,Singlet
1246,0,Singlet
1247,0,Singlet
1248,0,Singlet
1249,0,Singlet
1250,0.0227272727272727,Singlet
1251,0.0454545454545455,Singlet
1252,0.0681818181818182,Singlet
1253,0,Singlet
1254,0,Singlet
1255,0.0227272727272727,Singlet
1256,0.136363636363636,Singlet
1257,0,Singlet
1258,0,Singlet
1259,0.0909090909090909,Singlet
1260,0,Singlet
1261,0,Singlet
1262,0,Singlet
1263,0.0227272727272727,Singlet
1264,0,Singlet
1265,0,Singlet
1266,0.0227272727272727,Singlet
1267,0,Singlet
1268,0,Singlet
1269,0.340909090909091,Singlet
1270,0,Singlet
1271,0,Singlet
1272,0.0227272727272727,Singlet
1273,0,Singlet
1274,0,Singlet
1275,0.0227272727272727,Singlet
1276,0,Singlet
1277,0.545454545454545,Singlet
1278,0,Singlet
1279,0.0227272727272727,Singlet
1280,0,Singlet
1281,0,Singlet
1282,0,Singlet
1283,0,Singlet
1284,0,Singlet
1285,0.0227272727272727,Singlet
1286,0.0454545454545455,Singlet
1287,0.0681818181818182,Singlet
1288,0,Singlet
1289,0,Singlet
1290,0,Singlet
1291,0,Singlet
1292,0,Singlet
1293,0,Singlet
1294,0.0227272727272727,Singlet
1295,0.0227272727272727,Singlet
1296,0.0454545454545455,Singlet
1297,0,Singlet
1298,0.0227272727272727,Singlet
1299,0.0227272727272727,Singlet
1300,0,Singlet
1301,0,Singlet
1302,0,Singlet
1303,0.727272727272727,Singlet
1304,0,Singlet
1305,0,Singlet
1306,0.0227272727272727,Singlet
1307,0.227272727272727,Singlet
1308,0.181818181818182,Singlet
1309,0,Singlet
1310,0,Singlet
1311,0.613636363636364,Singlet
1312,0,Singlet
1313,0,Singlet
1314,0.0454545454545455,Singlet
1315,0.545454545454545,Singlet
1316,0,Singlet
1317,0,Singlet
1318,0,Singlet
1319,0.0227272727272727,Singlet
1320,0,Singlet
1321,0,Singlet
1322,0.0681818181818182,Singlet
1323,0.0681818181818182,Singlet
1324,0,Singlet
1325,0.113636363636364,Singlet
1326,0.0227272727272727,Singlet
1327,0,Singlet
1328,0,Singlet
1329,0.0227272727272727,Singlet
1330,0.0681818181818182,Singlet
1331,0.886363636363636,Singlet
1332,0,Singlet
1333,0,Singlet
1334,0.0227272727272727,Singlet
1335,0,Singlet
1336,0,Singlet
1337,0,Singlet
1338,0,Singlet
1339,0.0681818181818182,Singlet
1340,0,Singlet
1341,0,Singlet
1342,0,Singlet
1343,0.0227272727272727,Singlet
1344,0.136363636363636,Singlet
1345,0.704545454545455,Singlet
1346,0,Singlet
1347,0,Singlet
1348,0,Singlet
1349,0,Singlet
1350,0.0454545454545455,Singlet
1351,0.0454545454545455,Singlet
1352,0,Singlet
1353,0,Singlet
1354,0,Singlet
1355,0,Singlet
1356,0.0227272727272727,Singlet
1357,0,Singlet
1358,0.0454545454545455,Singlet
1359,0.613636363636364,Singlet
1360,0,Singlet
1361,0.0227272727272727,Singlet
1362,0.636363636363636,Singlet
1363,0,Singlet
1364,0.0227272727272727,Singlet
1365,0,Singlet
1366,0.0454545454545455,Singlet
1367,0.0681818181818182,Singlet
1368,0,Singlet
1369,0.0227272727272727,Singlet
1370,0,Singlet
1371,0.318181818181818,Singlet
1372,0,Singlet
1373,0.0681818181818182,Singlet
1374,0,Singlet
1375,0.136363636363636,Singlet
1376,0.0227272727272727,Singlet
1377,0,Singlet
1378,0.159090909090909,Singlet
1379,0.75,Singlet
1380,0.25,Singlet
1381,0,Singlet
1382,0.0227272727272727,Singlet
1383,0.0227272727272727,Singlet
1384,0,Singlet
1385,0,Singlet
1386,0,Singlet
1387,0,Singlet
1388,0,Singlet
1389,0.0227272727272727,Singlet
1390,0.0454545454545455,Singlet
1391,0.568181818181818,Singlet
1392,0.0227272727272727,Singlet
1393,0.0227272727272727,Singlet
1394,0,Singlet
1395,0,Singlet
1396,0,Singlet
1397,0.136363636363636,Singlet
1398,0.318181818181818,Singlet
1399,0,Singlet
1400,0,Singlet
1401,0.0909090909090909,Singlet
1402,0,Singlet
1403,0,Singlet
1404,0,Singlet
1405,0,Singlet
1406,0.204545454545455,Singlet
1407,0,Singlet
1408,0,Singlet
1409,0,Singlet
1410,0,Singlet
1411,0,Singlet
1412,0.0227272727272727,Singlet
1413,0.159090909090909,Singlet
1414,0,Singlet
1415,0.159090909090909,Singlet
1416,0.0454545454545455,Singlet
1417,0.113636363636364,Singlet
1418,0,Singlet
1419,0,Singlet
1420,0.227272727272727,Singlet
1421,0.0454545454545455,Singlet
1422,0.0227272727272727,Singlet
1423,0.0227272727272727,Singlet
1424,0.590909090909091,Singlet
1425,0.0227272727272727,Singlet
1426,0,Singlet
1427,0,Singlet
1428,0,Singlet
1429,0,Singlet
1430,0.0454545454545455,Singlet
1431,0,Singlet
1432,0,Singlet
1433,0.0227272727272727,Singlet
1434,0,Singlet
1435,0,Singlet
1436,0.0681818181818182,Singlet
1437,0.409090909090909,Singlet
1438,0,Singlet
1439,0,Singlet
1440,0,Singlet
1441,0.5,Singlet
1442,0,Singlet
1443,0,Singlet
1444,0,Singlet
1445,0.0227272727272727,Singlet
1446,0,Singlet
1447,0,Singlet
1448,0.0454545454545455,Singlet
1449,0.0227272727272727,Singlet
1450,0,Singlet
1451,0.0454545454545455,Singlet
1452,0,Singlet
1453,0.204545454545455,Singlet
1454,0,Singlet
1455,0,Singlet
1456,0,Singlet
1457,0,Singlet
1458,0,Singlet
1459,0.0681818181818182,Singlet
1460,0.0454545454545455,Singlet
1461,0.25,Singlet
1462,0,Singlet
1463,0,Singlet
1464,0.0454545454545455,Singlet
1465,0,Singlet
1466,0.0909090909090909,Singlet
1467,0.0227272727272727,Singlet
1468,0.272727272727273,Singlet
1469,0.136363636363636,Singlet
1470,0.0227272727272727,Singlet
1471,0.0227272727272727,Singlet
1472,0.0227272727272727,Singlet
1473,0.0227272727272727,Singlet
1474,0.0454545454545455,Singlet
1475,0,Singlet
1476,0,Singlet
1477,0,Singlet
1478,0.0454545454545455,Singlet
1479,0.0454545454545455,Singlet
1480,0.0227272727272727,Singlet
1481,0.0454545454545455,Singlet
1482,0.136363636363636,Singlet
1483,0.0227272727272727,Singlet
1484,0.0227272727272727,Singlet
1485,0,Singlet
1486,0,Singlet
1487,0,Singlet
1488,0,Singlet
1489,0,Singlet
1490,0,Singlet
1491,0,Singlet
1492,0.0227272727272727,Singlet
1493,0.0454545454545455,Singlet
1494,0.159090909090909,Singlet
1495,0.0681818181818182,Singlet
1496,0.0227272727272727,Singlet
1497,0.340909090909091,Singlet
1498,0,Singlet
1499,0.0227272727272727,Singlet
1500,0.0227272727272727,Singlet
1501,0,Singlet
1502,0,Singlet
1503,0.0454545454545455,Singlet
1504,0.0454545454545455,Singlet
1505,0,Singlet
1506,0.0454545454545455,Singlet
1507,0.0227272727272727,Singlet
1508,0.136363636363636,Singlet
1509,0.409090909090909,Singlet
1510,0.272727272727273,Singlet
1511,0,Singlet
1512,0.0454545454545455,Singlet
1513,0,Singlet
1514,0.204545454545455,Singlet
1515,0.272727272727273,Singlet
1516,0.363636363636364,Singlet
1517,0,Singlet
1518,0,Singlet
1519,0,Singlet
1520,0.0681818181818182,Singlet
1521,0.0227272727272727,Singlet
1522,0,Singlet
1523,0.0909090909090909,Singlet
1524,0,Singlet
1525,0,Singlet
1526,0.0681818181818182,Singlet
1527,0,Singlet
1528,0,Singlet
1529,0.0227272727272727,Singlet
1530,0.25,Singlet
1531,0.136363636363636,Singlet
1532,0.0681818181818182,Singlet
1533,0,Singlet
1534,0,Singlet
1535,0.136363636363636,Singlet
1536,0,Singlet
1537,0,Singlet
1538,0,Singlet
1539,0.909090909090909,Singlet
1540,0,Singlet
1541,0,Singlet
1542,0.0681818181818182,Singlet
1543,0.0227272727272727,Singlet
1544,0,Singlet
1545,0,Singlet
1546,0,Singlet
1547,0,Singlet
1548,0,Singlet
1549,0.0454545454545455,Singlet
1550,0,Singlet
1551,0,Singlet
1552,0,Singlet
1553,0,Singlet
1554,0,Singlet
1555,0,Singlet
1556,0,Singlet
1557,0,Singlet
1558,0,Singlet
1559,0,Singlet
1560,0.0909090909090909,Singlet
1561,0,Singlet
1562,0,Singlet
1563,0,Singlet
1564,0,Singlet
1565,0,Singlet
1566,0,Singlet
1567,0.0454545454545455,Singlet
1568,0,Singlet
1569,0.0454545454545455,Singlet
1570,0.727272727272727,Singlet
1571,0,Singlet
1572,0.0227272727272727,Singlet
1573,0,Singlet
1574,0,Singlet
1575,0,Singlet
1576,0,Singlet
1577,0.0227272727272727,Singlet
1578,0.0681818181818182,Singlet
1579,0,Singlet
1580,0,Singlet
1581,0,Singlet
1582,0.0227272727272727,Singlet
1583,0.0227272727272727,Singlet
1584,0.227272727272727,Singlet
1585,0.113636363636364,Singlet
1586,0,Singlet
1587,0,Singlet
1588,0,Singlet
1589,0,Singlet
1590,0,Singlet
1591,0,Singlet
1592,0.431818181818182,Singlet
1593,0,Singlet
1594,0,Singlet
1595,0,Singlet
1596,0.0681818181818182,Singlet
1597,0,Singlet
1598,0,Singlet
1599,0.590909090909091,Singlet
1600,0,Singlet
1601,0.113636363636364,Singlet
1602,0.0227272727272727,Singlet
1603,0,Singlet
1604,0,Singlet
1605,0,Singlet
1606,0,Singlet
1607,0.704545454545455,Singlet
1608,0,Singlet
1609,0.0227272727272727,Singlet
1610,0.159090909090909,Singlet
1611,0,Singlet
1612,0,Singlet
1613,0,Singlet
1614,0,Singlet
1615,0.0454545454545455,Singlet
1616,0,Singlet
1617,0,Singlet
1618,0.0681818181818182,Singlet
1619,0.0681818181818182,Singlet
1620,0.0227272727272727,Singlet
1621,0.0227272727272727,Singlet
1622,0.0227272727272727,Singlet
1623,0,Singlet
1624,0.0681818181818182,Singlet
1625,0,Singlet
1626,0.0227272727272727,Singlet
1627,0,Singlet
1628,0,Singlet
1629,0.818181818181818,Singlet
1630,0.0454545454545455,Singlet
1631,0.0454545454545455,Singlet
1632,0,Singlet
1633,0,Singlet
1634,0.0227272727272727,Singlet
1635,0.0227272727272727,Singlet
1636,0,Singlet
1637,0,Singlet
1638,0,Singlet
1639,0.0454545454545455,Singlet
1640,0,Singlet
1641,0,Singlet
1642,0.0227272727272727,Singlet
1643,0,Singlet
1644,0.0227272727272727,Singlet
1645,0.0454545454545455,Singlet
1646,0,Singlet
1647,0,Singlet
1648,0.386363636363636,Singlet
1649,0,Singlet
1650,0.227272727272727,Singlet
1651,0.0454545454545455,Singlet
1652,0.295454545454545,Singlet
1653,0,Singlet
1654,0,Singlet
1655,0.136363636363636,Singlet
1656,0,Singlet
1657,0.0227272727272727,Singlet
1658,0,Singlet
1659,0.181818181818182,Singlet
1660,0,Singlet
1661,0,Singlet
1662,0,Singlet
1663,0.0227272727272727,Singlet
1664,0,Singlet
1665,0,Singlet
1666,0,Singlet
1667,0.136363636363636,Singlet
1668,0,Singlet
1669,0.272727272727273,Singlet
1670,0,Singlet
1671,0,Singlet
1672,0.0227272727272727,Singlet
1673,0,Singlet
1674,0,Singlet
1675,0,Singlet
1676,0.159090909090909,Singlet
1677,0.0681818181818182,Singlet
1678,0.0227272727272727,Singlet
1679,0,Singlet
1680,0,Singlet
1681,0.0227272727272727,Singlet
1682,0,Singlet
1683,0,Singlet
1684,0,Singlet
1685,0.0681818181818182,Singlet
1686,0.0454545454545455,Singlet
1687,0,Singlet
1688,0.0227272727272727,Singlet
1689,0,Singlet
1690,0,Singlet
1691,0,Singlet
1692,0.0909090909090909,Singlet
1693,0.318181818181818,Singlet
1694,0,Singlet
1695,0.0227272727272727,Singlet
1696,0,Singlet
1697,0.772727272727273,Singlet
1698,0.204545454545455,Singlet
1699,0.0909090909090909,Singlet
1700,0,Singlet
1701,0,Singlet
1702,0.0227272727272727,Singlet
1703,0,Singlet
1704,0.181818181818182,Singlet
1705,0.659090909090909,Singlet
1706,0,Singlet
1707,0.0227272727272727,Singlet
1708,0.409090909090909,Singlet
1709,0,Singlet
1710,0,Singlet
1711,0,Singlet
1712,0,Singlet
1713,0,Singlet
1714,0,Singlet
1715,0.295454545454545,Singlet
1716,0.0227272727272727,Singlet
1717,0.0227272727272727,Singlet
1718,0,Singlet
1719,0.0681818181818182,Singlet
1720,0.0227272727272727,Singlet
1721,0,Singlet
1722,0,Singlet
1723,0,Singlet
1724,0.0227272727272727,Singlet
1725,0.0454545454545455,Singlet
1726,0.840909090909091,Singlet
1727,0.318181818181818,Singlet
1728,0.0227272727272727,Singlet
1729,0,Singlet
1730,0,Singlet
1731,0.0227272727272727,Singlet
1732,0,Singlet
1733,0,Singlet
1734,0.0454545454545455,Singlet
1735,0.0227272727272727,Singlet
1736,0,Singlet
1737,0,Singlet
1738,0,Singlet
1739,0,Singlet
1740,0,Singlet
1741,0,Singlet
1742,0,Singlet
1743,0,Singlet
1744,0,Singlet
1745,0.0454545454545455,Singlet
1746,0.0681818181818182,Singlet
1747,0,Singlet
1748,0.0681818181818182,Singlet
1749,0,Singlet
1750,0,Singlet
1751,0,Singlet
1752,0,Singlet
1753,0,Singlet
1754,0,Singlet
1755,0,Singlet
1756,0.0227272727272727,Singlet
1757,0,Singlet
1758,0,Singlet
1759,0.0681818181818182,Singlet
1760,0.0227272727272727,Singlet
1761,0.0227272727272727,Singlet
1762,0.113636363636364,Singlet
1763,0,Singlet
1764,0,Singlet
1765,0.0909090909090909,Singlet
1766,0,Singlet
1767,0.0454545454545455,Singlet
1768,0.0454545454545455,Singlet
1769,0,Singlet
1770,0,Singlet
1771,0.136363636363636,Singlet
1772,0,Singlet
1773,0,Singlet
1774,0,Singlet
1775,0.113636363636364,Singlet
1776,0,Singlet
1777,0,Singlet
1778,0,Singlet
1779,0.0227272727272727,Singlet
1780,0.0454545454545455,Singlet
1781,0.0681818181818182,Singlet
1782,0.0909090909090909,Singlet
1783,0.409090909090909,Singlet
1784,0.159090909090909,Singlet
1785,0,Singlet
1786,0.0227272727272727,Singlet
1787,0,Singlet
1788,0,Singlet
1789,0.0454545454545455,Singlet
1790,0.204545454545455,Singlet
1791,0.363636363636364,Singlet
1792,0.181818181818182,Singlet
1793,0.0227272727272727,Singlet
1794,0.0909090909090909,Singlet
1795,0,Singlet
1796,0,Singlet
1797,0.0454545454545455,Singlet
1798,0.113636363636364,Singlet
1799,0,Singlet
1800,0,Singlet
1801,0.0227272727272727,Singlet
1802,0,Singlet
1803,0.0227272727272727,Singlet
1804,0.0454545454545455,Singlet
1805,0,Singlet
1806,0,Singlet
1807,0,Singlet
1808,0,Singlet
1809,0.227272727272727,Singlet
1810,0,Singlet
1811,0.409090909090909,Singlet
1812,0,Singlet
1813,0,Singlet
1814,0.272727272727273,Singlet
1815,0,Singlet
1816,0.159090909090909,Singlet
1817,0,Singlet
1818,0,Singlet
1819,0.113636363636364,Singlet
1820,0.0454545454545455,Singlet
1821,0,Singlet
1822,0,Singlet
1823,0,Singlet
1824,0,Singlet
1825,0,Singlet
1826,0,Singlet
1827,0,Singlet
1828,0.227272727272727,Singlet
1829,0.886363636363636,Singlet
1830,0.0227272727272727,Singlet
1831,0.0454545454545455,Singlet
1832,0.272727272727273,Singlet
1833,0,Singlet
1834,0,Singlet
1835,0.0227272727272727,Singlet
1836,0.0227272727272727,Singlet
1837,0,Singlet
1838,0,Singlet
1839,0.0681818181818182,Singlet
1840,0.0227272727272727,Singlet
1841,0.0909090909090909,Singlet
1842,0,Singlet
1843,0.0454545454545455,Singlet
1844,0.0681818181818182,Singlet
1845,0,Singlet
1846,0,Singlet
1847,0,Singlet
1848,0.0681818181818182,Singlet
1849,0,Singlet
1850,0.409090909090909,Singlet
1851,0,Singlet
1852,0,Singlet
1853,0.136363636363636,Singlet
1854,0,Singlet
1855,0.0227272727272727,Singlet
1856,0,Singlet
1857,0,Singlet
1858,0,Singlet
1859,0,Singlet
1860,0,Singlet
1861,0.0227272727272727,Singlet
1862,0,Singlet
1863,0,Singlet
1864,0,Singlet
1865,0,Singlet
1866,0.227272727272727,Singlet
1867,0,Singlet
1868,0.0227272727272727,Singlet
1869,0,Singlet
1870,0,Singlet
1871,0,Singlet
1872,0,Singlet
1873,0,Singlet
1874,0,Singlet
1875,0.0681818181818182,Singlet
1876,0.0909090909090909,Singlet
1877,0,Singlet
1878,0.0909090909090909,Singlet
1879,0.0227272727272727,Singlet
1880,0,Singlet
1881,0,Singlet
1882,0.0227272727272727,Singlet
1883,0,Singlet
1884,0.0227272727272727,Singlet
1885,0,Singlet
1886,0.0454545454545455,Singlet
1887,0.0454545454545455,Singlet
1888,0,Singlet
1889,0.295454545454545,Singlet
1890,0.0454545454545455,Singlet
1891,0,Singlet
1892,0,Singlet
1893,0,Singlet
1894,0,Singlet
1895,0,Singlet
1896,0.0681818181818182,Singlet
1897,0.590909090909091,Singlet
1898,0.0227272727272727,Singlet
1899,0.0454545454545455,Singlet
1900,0,Singlet
1901,0,Singlet
1902,0.522727272727273,Singlet
1903,0,Singlet
1904,0.0227272727272727,Singlet
1905,0,Singlet
1906,0,Singlet
1907,0,Singlet
1908,0.0227272727272727,Singlet
1909,0.0454545454545455,Singlet
1910,0,Singlet
1911,0,Singlet
1912,0.0227272727272727,Singlet
1913,0,Singlet
1914,0,Singlet
1915,0.159090909090909,Singlet
1916,0,Singlet
1917,0.0227272727272727,Singlet
1918,0,Singlet
1919,0,Singlet
1920,0.0227272727272727,Singlet
1921,0,Singlet
1922,0.181818181818182,Singlet
1923,0.0227272727272727,Singlet
1924,0.0227272727272727,Singlet
1925,0.386363636363636,Singlet
1926,0.0227272727272727,Singlet
1927,0,Singlet
1928,0,Singlet
1929,0.0681818181818182,Singlet
1930,0.0454545454545455,Singlet
1931,0,Singlet
1932,0.0454545454545455,Singlet
1933,0,Singlet
1934,0.0227272727272727,Singlet
1935,0.0227272727272727,Singlet
1936,0.363636363636364,Singlet
1937,0.0454545454545455,Singlet
1938,0,Singlet
1939,0,Singlet
1940,0.0681818181818182,Singlet
1941,0.0454545454545455,Singlet
1942,0,Singlet
1943,0,Singlet
1944,0.318181818181818,Singlet
1945,0.0227272727272727,Singlet
1946,0.227272727272727,Singlet
1947,0,Singlet
1948,0.0454545454545455,Singlet
1949,0.318181818181818,Singlet
1950,0,Singlet
1951,0,Singlet
1952,0,Singlet
1953,0.0227272727272727,Singlet
1954,0.113636363636364,Singlet
1955,0,Singlet
1956,0.613636363636364,Singlet
1957,0.113636363636364,Singlet
1958,0.0227272727272727,Singlet
1959,0.113636363636364,Singlet
1960,0.386363636363636,Singlet
1961,0,Singlet
1962,0,Singlet
1963,0,Singlet
1964,0,Singlet
1965,0.0227272727272727,Singlet
1966,0.0227272727272727,Singlet
1967,0.0454545454545455,Singlet
1968,0,Singlet
1969,0,Singlet
1970,0.0227272727272727,Singlet
1971,0,Singlet
1972,0.0227272727272727,Singlet
1973,0,Singlet
1974,0.0227272727272727,Singlet
1975,0,Singlet
1976,0,Singlet
1977,0,Singlet
1978,0,Singlet
1979,0,Singlet
1980,0.0454545454545455,Singlet
1981,0,Singlet
1982,0,Singlet
1983,0,Singlet
1984,0,Singlet
1985,0.25,Singlet
1986,0.136363636363636,Singlet
1987,0,Singlet
1988,0,Singlet
1989,0,Singlet
1990,0.0227272727272727,Singlet
1991,0.272727272727273,Singlet
1992,0.0227272727272727,Singlet
1993,0,Singlet
1994,0,Singlet
1995,0,Singlet
1996,0.136363636363636,Singlet
1997,0,Singlet
1998,0.136363636363636,Singlet
1999,0,Singlet
2000,0.454545454545455,Singlet
2001,0,Singlet
2002,0,Singlet
2003,0.0454545454545455,Singlet
2004,0.5,Singlet
2005,0,Singlet
2006,0.318181818181818,Singlet
2007,0,Singlet
2008,0.0454545454545455,Singlet
2009,0,Singlet
2010,0,Singlet
2011,0,Singlet
2012,0.409090909090909,Singlet
2013,0,Singlet
2014,0,Singlet
2015,0.0681818181818182,Singlet
2016,0,Singlet
2017,0,Singlet
2018,0,Singlet
2019,0.0681818181818182,Singlet
2020,0,Singlet
2021,0.0454545454545455,Singlet
2022,0.0227272727272727,Singlet
2023,0.0681818181818182,Singlet
2024,0.0909090909090909,Singlet
2025,0.613636363636364,Singlet
2026,0,Singlet
2027,0,Singlet
2028,0,Singlet
2029,0.136363636363636,Singlet
2030,0.0227272727272727,Singlet
2031,0,Singlet
2032,0,Singlet
2033,0.0454545454545455,Singlet
2034,0,Singlet
2035,0,Singlet
2036,0,Singlet
2037,0.25,Singlet
2038,0,Singlet
2039,0,Singlet
2040,0.477272727272727,Singlet
2041,0,Singlet
2042,0.0227272727272727,Singlet
2043,0,Singlet
2044,0.159090909090909,Singlet
2045,0.0227272727272727,Singlet
2046,0,Singlet
2047,0,Singlet
2048,0.340909090909091,Singlet
2049,0,Singlet
2050,0,Singlet
2051,0,Singlet
2052,0,Singlet
2053,0,Singlet
2054,0.0909090909090909,Singlet
2055,0.0909090909090909,Singlet
2056,0,Singlet
2057,0.477272727272727,Singlet
2058,0,Singlet
2059,0,Singlet
2060,0,Singlet
2061,0,Singlet
2062,0.0227272727272727,Singlet
2063,0,Singlet
2064,0.159090909090909,Singlet
2065,0,Singlet
2066,0,Singlet
2067,0.0681818181818182,Singlet
2068,0.0681818181818182,Singlet
2069,0.227272727272727,Singlet
2070,0.181818181818182,Singlet
2071,0,Singlet
2072,0,Singlet
2073,0.0454545454545455,Singlet
2074,0.0454545454545455,Singlet
2075,0.727272727272727,Singlet
2076,0,Singlet
2077,0.795454545454545,Singlet
2078,0,Singlet
2079,0,Singlet
2080,0,Singlet
2081,0,Singlet
2082,0.0681818181818182,Singlet
2083,0.0227272727272727,Singlet
2084,0.0227272727272727,Singlet
2085,0.0454545454545455,Singlet
2086,0,Singlet
2087,0,Singlet
2088,0.272727272727273,Singlet
2089,0,Singlet
2090,0,Singlet
2091,0.454545454545455,Singlet
2092,0,Singlet
2093,0,Singlet
2094,0.75,Singlet
2095,0,Singlet
2096,0,Singlet
2097,0.272727272727273,Singlet
2098,0,Singlet
2099,0,Singlet
2100,0.181818181818182,Singlet
2101,0.863636363636364,Singlet
2102,0,Singlet
2103,0,Singlet
2104,0,Singlet
2105,0,Singlet
2106,0,Singlet
2107,0.0227272727272727,Singlet
2108,0,Singlet
2109,0.0681818181818182,Singlet
2110,0.340909090909091,Singlet
2111,0,Singlet
2112,0.0454545454545455,Singlet
2113,0,Singlet
2114,0.522727272727273,Singlet
2115,0,Singlet
2116,0.0454545454545455,Singlet
2117,0.0454545454545455,Singlet
2118,0,Singlet
2119,0,Singlet
2120,0.0227272727272727,Singlet
2121,0,Singlet
2122,0,Singlet
2123,0.0681818181818182,Singlet
2124,0.454545454545455,Singlet
2125,0,Singlet
2126,0,Singlet
2127,0,Singlet
2128,0,Singlet
2129,0,Singlet
2130,0,Singlet
2131,0.0227272727272727,Singlet
2132,0,Singlet
2133,0.0454545454545455,Singlet
2134,0.477272727272727,Singlet
2135,0,Singlet
2136,0,Singlet
2137,0,Singlet
2138,0.0227272727272727,Singlet
2139,0,Singlet
2140,0.113636363636364,Singlet
2141,0,Singlet
2142,0.0227272727272727,Singlet
2143,0,Singlet
2144,0.0227272727272727,Singlet
2145,0,Singlet
2146,0.0454545454545455,Singlet
2147,0.181818181818182,Singlet
2148,0,Singlet
2149,0.0909090909090909,Singlet
2150,0.0909090909090909,Singlet
2151,0.0681818181818182,Singlet
2152,0.0909090909090909,Singlet
2153,0,Singlet
2154,0,Singlet
2155,0,Singlet
2156,0.0227272727272727,Singlet
2157,0.0227272727272727,Singlet
2158,0.0681818181818182,Singlet
2159,0,Singlet
2160,0,Singlet
2161,0.0454545454545455,Singlet
2162,0,Singlet
2163,0.181818181818182,Singlet
2164,0,Singlet
2165,0,Singlet
2166,0.386363636363636,Singlet
2167,0.136363636363636,Singlet
2168,0.0227272727272727,Singlet
2169,0.0909090909090909,Singlet
2170,0,Singlet
2171,0,Singlet
2172,0,Singlet
2173,0.727272727272727,Singlet
2174,0,Singlet
2175,0,Singlet
2176,0.159090909090909,Singlet
2177,0,Singlet
2178,0,Singlet
2179,0,Singlet
2180,0.0227272727272727,Singlet
2181,0,Singlet
2182,0,Singlet
2183,0.0227272727272727,Singlet
2184,0,Singlet
2185,0.0227272727272727,Singlet
2186,0.0681818181818182,Singlet
2187,0.409090909090909,Singlet
2188,0.0681818181818182,Singlet
2189,0,Singlet
2190,0.75,Singlet
2191,0,Singlet
2192,0,Singlet
2193,0.0227272727272727,Singlet
2194,0.0454545454545455,Singlet
2195,0.454545454545455,Singlet
2196,0,Singlet
2197,0,Singlet
2198,0,Singlet
2199,0.272727272727273,Singlet
2200,0,Singlet
2201,0,Singlet
2202,0,Singlet
2203,0.0681818181818182,Singlet
2204,0,Singlet
2205,0.181818181818182,Singlet
2206,0,Singlet
2207,0,Singlet
2208,0,Singlet
2209,0,Singlet
2210,0,Singlet
2211,0.0454545454545455,Singlet
2212,0.5,Singlet
2213,0.0681818181818182,Singlet
2214,0.5,Singlet
2215,0,Singlet
2216,0,Singlet
2217,0,Singlet
2218,0.0227272727272727,Singlet
2219,0.0227272727272727,Singlet
2220,0.772727272727273,Singlet
2221,0.0227272727272727,Singlet
2222,0.818181818181818,Singlet
2223,0,Singlet
2224,0.0227272727272727,Singlet
2225,0.0454545454545455,Singlet
2226,0,Singlet
2227,0,Singlet
2228,0.204545454545455,Singlet
2229,0.136363636363636,Singlet
2230,0,Singlet
2231,0.0227272727272727,Singlet
2232,0.0454545454545455,Singlet
2233,0,Singlet
2234,0.931818181818182,Singlet
2235,0,Singlet
2236,0.340909090909091,Singlet
2237,0,Singlet
2238,0,Singlet
2239,0.0909090909090909,Singlet
2240,0,Singlet
2241,0,Singlet
2242,0.0227272727272727,Singlet
2243,0,Singlet
2244,0,Singlet
2245,0.818181818181818,Singlet
2246,0,Singlet
2247,0.5,Singlet
2248,0.0681818181818182,Singlet
2249,0.0227272727272727,Singlet
2250,0,Singlet
2251,0.0227272727272727,Singlet
2252,0,Singlet
2253,0,Singlet
2254,0,Singlet
2255,0.363636363636364,Singlet
2256,0.0454545454545455,Singlet
2257,0,Singlet
2258,0.0454545454545455,Singlet
2259,0.0227272727272727,Singlet
2260,0.0227272727272727,Singlet
2261,0.0227272727272727,Singlet
2262,0,Singlet
2263,0,Singlet
2264,0,Singlet
2265,0,Singlet
2266,0,Singlet
2267,0,Singlet
2268,0.159090909090909,Singlet
2269,0,Singlet
2270,0.0909090909090909,Singlet
2271,0,Singlet
2272,0.181818181818182,Singlet
2273,0,Singlet
2274,0,Singlet
2275,0,Singlet
2276,0,Singlet
2277,0.340909090909091,Singlet
2278,0,Singlet
2279,0,Singlet
2280,0.113636363636364,Singlet
2281,0,Singlet
2282,0,Singlet
2283,0.181818181818182,Singlet
2284,0.0681818181818182,Singlet
2285,0.0227272727272727,Singlet
2286,0,Singlet
2287,0.0909090909090909,Singlet
2288,0.727272727272727,Singlet
2289,0.0227272727272727,Singlet
2290,0.0454545454545455,Singlet
2291,0,Singlet
2292,0,Singlet
2293,0,Singlet
2294,0,Singlet
2295,0.0909090909090909,Singlet
2296,0.0454545454545455,Singlet
2297,0.0227272727272727,Singlet
2298,0,Singlet
2299,0,Singlet
2300,0.0227272727272727,Singlet
2301,0,Singlet
2302,0.113636363636364,Singlet
2303,0.0909090909090909,Singlet
2304,0,Singlet
2305,0.113636363636364,Singlet
2306,0,Singlet
2307,0,Singlet
2308,0,Singlet
2309,0,Singlet
2310,0.522727272727273,Singlet
2311,0.0454545454545455,Singlet
2312,0,Singlet
2313,0.0227272727272727,Singlet
2314,0.0681818181818182,Singlet
2315,0.181818181818182,Singlet
2316,0.159090909090909,Singlet
2317,0,Singlet
2318,0.0227272727272727,Singlet
2319,0,Singlet
2320,0,Singlet
2321,0,Singlet
2322,0,Singlet
2323,0,Singlet
2324,0.0681818181818182,Singlet
2325,0,Singlet
2326,0.0681818181818182,Singlet
2327,0,Singlet
2328,0.0454545454545455,Singlet
2329,0,Singlet
2330,0,Singlet
2331,0.0227272727272727,Singlet
2332,0.340909090909091,Singlet
2333,0.0454545454545455,Singlet
2334,0,Singlet
2335,0,Singlet
2336,0.0227272727272727,Singlet
2337,0,Singlet
2338,0.0454545454545455,Singlet
2339,0,Singlet
2340,0,Singlet
2341,0,Singlet
2342,0.0227272727272727,Singlet
2343,0,Singlet
2344,0,Singlet
2345,0.522727272727273,Singlet
2346,0.0227272727272727,Singlet
2347,0.113636363636364,Singlet
2348,0.0454545454545455,Singlet
2349,0,Singlet
2350,0,Singlet
2351,0.227272727272727,Singlet
2352,0,Singlet
2353,0,Singlet
2354,0,Singlet
2355,0,Singlet
2356,0,Singlet
2357,0.204545454545455,Singlet
2358,0,Singlet
2359,0,Singlet
2360,0,Singlet
2361,0.0681818181818182,Singlet
2362,0.0227272727272727,Singlet
2363,0.795454545454545,Singlet
2364,0.0227272727272727,Singlet
2365,0,Singlet
2366,0,Singlet
2367,0,Singlet
2368,0,Singlet
2369,0,Singlet
2370,0,Singlet
2371,0,Singlet
2372,0.0909090909090909,Singlet
2373,0,Singlet
2374,0.0227272727272727,Singlet
2375,0,Singlet
2376,0,Singlet
2377,0,Singlet
2378,0.0227272727272727,Singlet
2379,0.204545454545455,Singlet
2380,0,Singlet
2381,0,Singlet
2382,0.204545454545455,Singlet
2383,0.0227272727272727,Singlet
2384,0.0454545454545455,Singlet
2385,0,Singlet
2386,0,Singlet
2387,0,Singlet
2388,0.204545454545455,Singlet
2389,0.522727272727273,Singlet
2390,0,Singlet
2391,0,Singlet
2392,0,Singlet
2393,0,Singlet
2394,0.0227272727272727,Singlet
2395,0,Singlet
2396,0.0909090909090909,Singlet
2397,0,Singlet
2398,0,Singlet
2399,0,Singlet
2400,0.25,Singlet
2401,0,Singlet
2402,0.181818181818182,Singlet
2403,0.0454545454545455,Singlet
2404,0.227272727272727,Singlet
2405,0,Singlet
2406,0.363636363636364,Singlet
2407,0.0227272727272727,Singlet
2408,0,Singlet
2409,0.159090909090909,Singlet
2410,0.0227272727272727,Singlet
2411,0,Singlet
2412,0,Singlet
2413,0,Singlet
2414,0.0909090909090909,Singlet
2415,0,Singlet
2416,0,Singlet
2417,0,Singlet
2418,0.136363636363636,Singlet
2419,0,Singlet
2420,0,Singlet
2421,0,Singlet
2422,0,Singlet
2423,0.227272727272727,Singlet
2424,0,Singlet
2425,0.772727272727273,Singlet
2426,0.0454545454545455,Singlet
2427,0,Singlet
2428,0,Singlet
2429,0.818181818181818,Singlet
2430,0,Singlet
2431,0,Singlet
2432,0.0454545454545455,Singlet
2433,0.0227272727272727,Singlet
2434,0,Singlet
2435,0,Singlet
2436,0,Singlet
2437,0.0681818181818182,Singlet
2438,0.0454545454545455,Singlet
2439,0,Singlet
2440,0,Singlet
2441,0.954545454545455,Singlet
2442,0,Singlet
2443,0.227272727272727,Singlet
2444,0,Singlet
2445,0,Singlet
2446,0,Singlet
2447,0,Singlet
2448,0.295454545454545,Singlet
2449,0.0454545454545455,Singlet
2450,0.0227272727272727,Singlet
2451,0,Singlet
2452,0,Singlet
2453,0.0227272727272727,Singlet
2454,0,Singlet
2455,0.0227272727272727,Singlet
2456,0.0454545454545455,Singlet
2457,0,Singlet
2458,0,Singlet
2459,0,Singlet
2460,0,Singlet
2461,0.0227272727272727,Singlet
2462,0,Singlet
2463,0.0909090909090909,Singlet
2464,0,Singlet
2465,0.113636363636364,Singlet
2466,0,Singlet
2467,0,Singlet
2468,0,Singlet
2469,0.0227272727272727,Singlet
2470,0,Singlet
2471,0.0454545454545455,Singlet
2472,0,Singlet
2473,0,Singlet
2474,0.0227272727272727,Singlet
2475,0.0454545454545455,Singlet
2476,0,Singlet
2477,0,Singlet
2478,0,Singlet
2479,0,Singlet
2480,0.0454545454545455,Singlet
2481,0.0227272727272727,Singlet
2482,0,Singlet
2483,0,Singlet
2484,0,Singlet
2485,0,Singlet
2486,0,Singlet
2487,0.0454545454545455,Singlet
2488,0.159090909090909,Singlet
2489,0.0227272727272727,Singlet
2490,0.0454545454545455,Singlet
2491,0,Singlet
2492,0.272727272727273,Singlet
2493,0,Singlet
2494,0,Singlet
2495,0,Singlet
2496,0.0681818181818182,Singlet
2497,0,Singlet
2498,0.0227272727272727,Singlet
2499,0.0227272727272727,Singlet
2500,0.0227272727272727,Singlet
2501,0,Singlet
2502,0,Singlet
2503,0,Singlet
2504,0,Singlet
2505,0.0227272727272727,Singlet
2506,0,Singlet
2507,0.0227272727272727,Singlet
2508,0,Singlet
2509,0.0227272727272727,Singlet
2510,0,Singlet
2511,0.0909090909090909,Singlet
2512,0,Singlet
2513,0.636363636363636,Singlet
2514,0.659090909090909,Singlet
2515,0,Singlet
2516,0.0909090909090909,Singlet
2517,0.0454545454545455,Singlet
2518,0,Singlet
2519,0,Singlet
2520,0,Singlet
2521,0,Singlet
2522,0.113636363636364,Singlet
2523,0,Singlet
2524,0,Singlet
2525,0.0454545454545455,Singlet
2526,0,Singlet
2527,0,Singlet
2528,0.0227272727272727,Singlet
2529,0,Singlet
2530,0,Singlet
2531,0,Singlet
2532,0,Singlet
2533,0,Singlet
2534,0.181818181818182,Singlet
2535,0.340909090909091,Singlet
2536,0.545454545454545,Singlet
2537,0,Singlet
2538,0.113636363636364,Singlet
2539,0,Singlet
2540,0.25,Singlet
2541,0.0681818181818182,Singlet
2542,0,Singlet
2543,0,Singlet
2544,0.0227272727272727,Singlet
2545,0,Singlet
2546,0,Singlet
2547,0,Singlet
2548,0,Singlet
2549,0.0227272727272727,Singlet
2550,0,Singlet
2551,0.0454545454545455,Singlet
2552,0,Singlet
2553,0.0227272727272727,Singlet
2554,0,Singlet
2555,0,Singlet
2556,0.181818181818182,Singlet
2557,0,Singlet
2558,0.0227272727272727,Singlet
2559,0.0227272727272727,Singlet
2560,0,Singlet
2561,0.0227272727272727,Singlet
2562,0,Singlet
2563,0.318181818181818,Singlet
2564,0,Singlet
2565,0,Singlet
2566,0.0454545454545455,Singlet
2567,0,Singlet
2568,0,Singlet
2569,0,Singlet
2570,0,Singlet
2571,0,Singlet
2572,0.136363636363636,Singlet
2573,0,Singlet
2574,0.477272727272727,Singlet
2575,0,Singlet
2576,0,Singlet
2577,0,Singlet
2578,0,Singlet
2579,0.0227272727272727,Singlet
2580,0.818181818181818,Singlet
2581,0,Singlet
2582,0.0227272727272727,Singlet
2583,0,Singlet
2584,0,Singlet
2585,0,Singlet
2586,0.363636363636364,Singlet
2587,0.0681818181818182,Singlet
2588,0.25,Singlet
2589,0,Singlet
2590,0.181818181818182,Singlet
2591,0,Singlet
2592,0,Singlet
2593,0,Singlet
2594,0,Singlet
2595,0.204545454545455,Singlet
2596,0,Singlet
2597,0.0227272727272727,Singlet
2598,0,Singlet
2599,0,Singlet
2600,0,Singlet
2601,0,Singlet
2602,0,Singlet
2603,0,Singlet
2604,0,Singlet
2605,0,Singlet
2606,0.0227272727272727,Singlet
2607,0,Singlet
2608,0,Singlet
2609,0,Singlet
2610,0.0227272727272727,Singlet
2611,0,Singlet
2612,0,Singlet
2613,0.181818181818182,Singlet
2614,0.795454545454545,Singlet
2615,0,Singlet
2616,0,Singlet
2617,0.227272727272727,Singlet
2618,0.204545454545455,Singlet
2619,0.0454545454545455,Singlet
2620,0.840909090909091,Singlet
2621,0.0454545454545455,Singlet
2622,0,Singlet
2623,0.0454545454545455,Singlet
2624,0.681818181818182,Singlet
2625,0,Singlet
2626,0.772727272727273,Singlet
2627,0,Singlet
2628,0.0454545454545455,Singlet
2629,0,Singlet
2630,0.0681818181818182,Singlet
2631,0,Singlet
2632,0,Singlet
2633,0,Singlet
2634,0.0227272727272727,Singlet
2635,0,Singlet
2636,0.113636363636364,Singlet
2637,0,Singlet
2638,0,Singlet
2639,0,Singlet
2640,0,Singlet
2641,0,Singlet
2642,0.113636363636364,Singlet
2643,0.136363636363636,Singlet
2644,0,Singlet
2645,0.0454545454545455,Singlet
2646,0.0227272727272727,Singlet
2647,0.0909090909090909,Singlet
2648,0,Singlet
2649,0,Singlet
2650,0,Singlet
2651,0,Singlet
2652,0,Singlet
2653,0,Singlet
2654,0.0227272727272727,Singlet
2655,0.0681818181818182,Singlet
2656,0.590909090909091,Singlet
2657,0,Singlet
2658,0.0454545454545455,Singlet
2659,0,Singlet
2660,0,Singlet
2661,0.0227272727272727,Singlet
2662,0,Singlet
2663,0,Singlet
2664,0.0227272727272727,Singlet
2665,0,Singlet
2666,0.0227272727272727,Singlet
2667,0.0909090909090909,Singlet
2668,0,Singlet
2669,0.0227272727272727,Singlet
2670,0.568181818181818,Singlet
2671,0.0454545454545455,Singlet
2672,0.0227272727272727,Singlet
2673,0,Singlet
2674,0.0681818181818182,Singlet
2675,0.204545454545455,Singlet
2676,0,Singlet
2677,0.0227272727272727,Singlet
2678,0.818181818181818,Singlet
2679,0.0227272727272727,Singlet
2680,0,Singlet
2681,0,Singlet
2682,0.113636363636364,Singlet
2683,0,Singlet
2684,0,Singlet
2685,0,Singlet
2686,0,Singlet
2687,0.113636363636364,Singlet
2688,0,Singlet
2689,0,Singlet
2690,0.0454545454545455,Singlet
2691,0,Singlet
2692,0,Singlet
2693,0,Singlet
2694,0.0227272727272727,Singlet
2695,0.0454545454545455,Singlet
2696,0.0681818181818182,Singlet
2697,0.0227272727272727,Singlet
2698,0,Singlet
2699,0.0227272727272727,Singlet
2700,0.0227272727272727,Singlet
2701,0.0454545454545455,Singlet
2702,0.318181818181818,Singlet
2703,0.522727272727273,Singlet
2704,0.568181818181818,Singlet
2705,0.0454545454545455,Singlet
2706,0.0227272727272727,Singlet
2707,0.0681818181818182,Singlet
2708,0,Singlet
2709,0,Singlet
2710,0.0454545454545455,Singlet
2711,0,Singlet
2712,0,Singlet
2713,0.0681818181818182,Singlet
2714,0,Singlet
2715,0.0909090909090909,Singlet
2716,0,Singlet
2717,0,Singlet
2718,0,Singlet
2719,0.181818181818182,Singlet
2720,0.0227272727272727,Singlet
2721,0,Singlet
2722,0,Singlet
2723,0.340909090909091,Singlet
2724,0.613636363636364,Singlet
2725,0,Singlet
2726,0.0227272727272727,Singlet
2727,0,Singlet
2728,0,Singlet
2729,0,Singlet
2730,0,Singlet
2731,0,Singlet
2732,0,Singlet
2733,0.113636363636364,Singlet
2734,0,Singlet
2735,0,Singlet
2736,0,Singlet
2737,0.295454545454545,Singlet
2738,0.0227272727272727,Singlet
2739,0.0227272727272727,Singlet
2740,0.0227272727272727,Singlet
2741,0,Singlet
2742,0.0681818181818182,Singlet
2743,0.0454545454545455,Singlet
2744,0.0681818181818182,Singlet
2745,0,Singlet
2746,0,Singlet
2747,0,Singlet
2748,0.181818181818182,Singlet
2749,0,Singlet
2750,0.113636363636364,Singlet
2751,0.0454545454545455,Singlet
2752,0,Singlet
2753,0.0909090909090909,Singlet
2754,0.0227272727272727,Singlet
2755,0.0681818181818182,Singlet
2756,0.0227272727272727,Singlet
2757,0,Singlet
2758,0,Singlet
2759,0,Singlet
2760,0.0454545454545455,Singlet
2761,0,Singlet
2762,0,Singlet
2763,0,Singlet
2764,0.0227272727272727,Singlet
2765,0.25,Singlet
2766,0.363636363636364,Singlet
2767,0.181818181818182,Singlet
2768,0.227272727272727,Singlet
2769,0,Singlet
2770,0.0227272727272727,Singlet
2771,0,Singlet
2772,0,Singlet
2773,0,Singlet
2774,0,Singlet
2775,0,Singlet
2776,0.0909090909090909,Singlet
2777,0,Singlet
2778,0,Singlet
2779,0,Singlet
2780,0.113636363636364,Singlet
2781,0.0227272727272727,Singlet
2782,0.0681818181818182,Singlet
2783,0,Singlet
2784,0,Singlet
2785,0,Singlet
2786,0,Singlet
2787,0.0227272727272727,Singlet
2788,0.0454545454545455,Singlet
2789,0.0909090909090909,Singlet
2790,0,Singlet
2791,0,Singlet
2792,0.0227272727272727,Singlet
2793,0,Singlet
2794,0.0227272727272727,Singlet
2795,0.0681818181818182,Singlet
2796,0,Singlet
2797,0,Singlet
2798,0,Singlet
2799,0,Singlet
2800,0.0681818181818182,Singlet
2801,0.409090909090909,Singlet
2802,0,Singlet
2803,0.0681818181818182,Singlet
2804,0,Singlet
2805,0,Singlet
2806,0,Singlet
2807,0.159090909090909,Singlet
2808,0,Singlet
2809,0,Singlet
2810,0.0454545454545455,Singlet
2811,0.136363636363636,Singlet
2812,0.0227272727272727,Singlet
2813,0,Singlet
2814,0,Singlet
2815,0.25,Singlet
2816,0.0227272727272727,Singlet
2817,0,Singlet
2818,0.0681818181818182,Singlet
2819,0,Singlet
2820,0,Singlet
2821,0,Singlet
2822,0,Singlet
2823,0,Singlet
2824,0.0909090909090909,Singlet
2825,0,Singlet
2826,0,Singlet
2827,0.136363636363636,Singlet
2828,0.0454545454545455,Singlet
2829,0,Singlet
2830,0,Singlet
2831,0.0227272727272727,Singlet
2832,0.0227272727272727,Singlet
2833,0.0227272727272727,Singlet
2834,0.0227272727272727,Singlet
2835,0,Singlet
2836,0,Singlet
2837,0.0681818181818182,Singlet
2838,0.772727272727273,Singlet
2839,0,Singlet
2840,0,Singlet
2841,0,Singlet
2842,0,Singlet
2843,0.772727272727273,Singlet
2844,0,Singlet
2845,0,Singlet
2846,0.113636363636364,Singlet
2847,0.113636363636364,Singlet
2848,0.0227272727272727,Singlet
2849,0.136363636363636,Singlet
2850,0,Singlet
2851,0,Singlet
2852,0,Singlet
2853,0,Singlet
2854,0,Singlet
2855,0,Singlet
2856,0,Singlet
2857,0,Singlet
2858,0.0454545454545455,Singlet
2859,0.340909090909091,Singlet
2860,0.0454545454545455,Singlet
2861,0.0227272727272727,Singlet
2862,0,Singlet
2863,0.0227272727272727,Singlet
2864,0.0227272727272727,Singlet
2865,0.0454545454545455,Singlet
2866,0,Singlet
2867,0.0454545454545455,Singlet
2868,0.363636363636364,Singlet
2869,0,Singlet
2870,0,Singlet
2871,0.0227272727272727,Singlet
2872,0.113636363636364,Singlet
2873,0,Singlet
2874,0,Singlet
2875,0,Singlet
2876,0,Singlet
2877,0.0909090909090909,Singlet
2878,0,Singlet
2879,0.0227272727272727,Singlet
2880,0,Singlet
2881,0.0454545454545455,Singlet
2882,0,Singlet
2883,0.25,Singlet
2884,0,Singlet
2885,0,Singlet
2886,0.0454545454545455,Singlet
2887,0,Singlet
2888,0.227272727272727,Singlet
2889,0.977272727272727,Doublet
2890,0.545454545454545,Singlet
2891,0.0227272727272727,Singlet
2892,0,Singlet
2893,0.113636363636364,Singlet
2894,0,Singlet
2895,0,Singlet
2896,0,Singlet
2897,0.0227272727272727,Singlet
2898,0.113636363636364,Singlet
2899,0,Singlet
2900,0,Singlet
2901,0.727272727272727,Singlet
2902,0.0227272727272727,Singlet
2903,0,Singlet
2904,0.0227272727272727,Singlet
2905,0.204545454545455,Singlet
2906,0.636363636363636,Singlet
2907,0,Singlet
2908,0,Singlet
2909,0,Singlet
2910,0.522727272727273,Singlet
2911,0,Singlet
2912,0,Singlet
2913,0,Singlet
2914,0,Singlet
2915,0.0227272727272727,Singlet
2916,0,Singlet
2917,0,Singlet
2918,0.75,Singlet
2919,0.0454545454545455,Singlet
2920,0,Singlet
2921,0.0227272727272727,Singlet
2922,0,Singlet
2923,0,Singlet
2924,0,Singlet
2925,0,Singlet
2926,0.522727272727273,Singlet
2927,0,Singlet
2928,0,Singlet
2929,0,Singlet
2930,0,Singlet
2931,0.0681818181818182,Singlet
2932,0.25,Singlet
2933,0,Singlet
2934,0.386363636363636,Singlet
2935,0,Singlet
2936,0.0454545454545455,Singlet
2937,0,Singlet
2938,0,Singlet
2939,0,Singlet
2940,0,Singlet
2941,0.0227272727272727,Singlet
2942,0,Singlet
2943,0,Singlet
2944,0,Singlet
2945,0.204545454545455,Singlet
2946,0,Singlet
2947,0.0227272727272727,Singlet
2948,0,Singlet
2949,0,Singlet
2950,0,Singlet
2951,0.159090909090909,Singlet
2952,0.0227272727272727,Singlet
2953,0,Singlet
2954,0,Singlet
2955,0.386363636363636,Singlet
2956,0,Singlet
2957,0,Singlet
2958,0,Singlet
2959,0,Singlet
2960,0,Singlet
2961,0,Singlet
2962,0.0909090909090909,Singlet
2963,0,Singlet
2964,0.863636363636364,Singlet
2965,0.0227272727272727,Singlet
2966,0,Singlet
2967,0,Singlet
2968,0.454545454545455,Singlet
2969,0,Singlet
2970,0,Singlet
2971,0,Singlet
2972,0.0681818181818182,Singlet
2973,0,Singlet
2974,0.636363636363636,Singlet
2975,0.431818181818182,Singlet
2976,0.0454545454545455,Singlet
2977,0,Singlet
2978,0,Singlet
2979,0.840909090909091,Singlet
2980,0,Singlet
2981,0.0454545454545455,Singlet
2982,0,Singlet
2983,0,Singlet
2984,0.5,Singlet
2985,0,Singlet
2986,0.0227272727272727,Singlet
2987,0,Singlet
2988,0.0681818181818182,Singlet
2989,0,Singlet
2990,0,Singlet
2991,0.0227272727272727,Singlet
2992,0.568181818181818,Singlet
2993,0,Singlet
2994,0.0681818181818182,Singlet
2995,0,Singlet
2996,0,Singlet
2997,0,Singlet
2998,0,Singlet
2999,0,Singlet
3000,0,Singlet
3001,0.0227272727272727,Singlet
3002,0,Singlet
3003,0.113636363636364,Singlet
3004,0,Singlet
3005,0,Singlet
3006,0,Singlet
3007,0,Singlet
3008,0,Singlet
3009,0.295454545454545,Singlet
3010,0.568181818181818,Singlet
3011,0,Singlet
3012,0.0227272727272727,Singlet
3013,0.636363636363636,Singlet
3014,0.0227272727272727,Singlet
3015,0.0227272727272727,Singlet
3016,0.0227272727272727,Singlet
3017,0,Singlet
3018,0,Singlet
3019,0,Singlet
3020,0,Singlet
3021,0,Singlet
3022,0.0227272727272727,Singlet
3023,0.0227272727272727,Singlet
3024,0,Singlet
3025,0,Singlet
3026,0,Singlet
3027,0.5,Singlet
3028,0,Singlet
3029,0,Singlet
3030,0.0227272727272727,Singlet
3031,0,Singlet
3032,0,Singlet
3033,0.227272727272727,Singlet
3034,0,Singlet
3035,0,Singlet
3036,0,Singlet
3037,0.0454545454545455,Singlet
3038,0,Singlet
3039,0,Singlet
3040,0.295454545454545,Singlet
3041,0,Singlet
3042,0,Singlet
3043,0,Singlet
3044,0.113636363636364,Singlet
3045,0,Singlet
3046,0.0454545454545455,Singlet
3047,0.0681818181818182,Singlet
3048,0,Singlet
3049,0,Singlet
3050,0.0227272727272727,Singlet
3051,0.136363636363636,Singlet
3052,0.0227272727272727,Singlet
3053,0,Singlet
3054,0,Singlet
3055,0,Singlet
3056,0,Singlet
3057,0,Singlet
3058,0.227272727272727,Singlet
3059,0.0227272727272727,Singlet
3060,0,Singlet
3061,0,Singlet
3062,0,Singlet
3063,0.545454545454545,Singlet
3064,0,Singlet
3065,0,Singlet
3066,0,Singlet
3067,0.159090909090909,Singlet
3068,0,Singlet
3069,0,Singlet
3070,0,Singlet
3071,0,Singlet
3072,0,Singlet
3073,0,Singlet
3074,0,Singlet
3075,0,Singlet
3076,0.0454545454545455,Singlet
3077,0.727272727272727,Singlet
3078,0,Singlet
3079,0.0227272727272727,Singlet
3080,0,Singlet
3081,0,Singlet
3082,0.0909090909090909,Singlet
3083,0,Singlet
3084,0,Singlet
3085,0.0909090909090909,Singlet
3086,0.0227272727272727,Singlet
3087,0.0681818181818182,Singlet
3088,0.0454545454545455,Singlet
3089,0,Singlet
3090,0,Singlet
3091,0,Singlet
3092,0.545454545454545,Singlet
3093,0,Singlet
3094,0,Singlet
3095,0.136363636363636,Singlet
3096,0,Singlet
3097,0.204545454545455,Singlet
3098,0.340909090909091,Singlet
3099,0,Singlet
3100,0,Singlet
3101,0,Singlet
3102,0,Singlet
3103,0,Singlet
3104,0,Singlet
3105,0.0227272727272727,Singlet
3106,0.0681818181818182,Singlet
3107,0.0454545454545455,Singlet
3108,0.227272727272727,Singlet
3109,0,Singlet
3110,0,Singlet
3111,0,Singlet
3112,0.659090909090909,Singlet
3113,0.272727272727273,Singlet
3114,0,Singlet
3115,0,Singlet
3116,0,Singlet
3117,0,Singlet
3118,0,Singlet
3119,0,Singlet
3120,0,Singlet
3121,0.0227272727272727,Singlet
3122,0,Singlet
3123,0,Singlet
3124,0.0681818181818182,Singlet
3125,0,Singlet
3126,0.0227272727272727,Singlet
3127,0,Singlet
3128,0,Singlet
3129,0.0227272727272727,Singlet
3130,0,Singlet
3131,0.659090909090909,Singlet
3132,0.863636363636364,Singlet
3133,0.0454545454545455,Singlet
3134,0,Singlet
3135,0,Singlet
3136,0,Singlet
3137,0,Singlet
3138,0,Singlet
3139,0,Singlet
3140,0.0227272727272727,Singlet
3141,0.113636363636364,Singlet
3142,0,Singlet
3143,0,Singlet
3144,0,Singlet
3145,0,Singlet
3146,0.340909090909091,Singlet
3147,0.0227272727272727,Singlet
3148,0,Singlet
3149,0.113636363636364,Singlet
3150,0.0227272727272727,Singlet
3151,0,Singlet
3152,0,Singlet
3153,0,Singlet
3154,0.227272727272727,Singlet
3155,0,Singlet
3156,0.136363636363636,Singlet
3157,0.0227272727272727,Singlet
3158,0.0681818181818182,Singlet
3159,0.136363636363636,Singlet
3160,0,Singlet
3161,0,Singlet
3162,0,Singlet
3163,0.772727272727273,Singlet
3164,0,Singlet
3165,0.0227272727272727,Singlet
3166,0,Singlet
3167,0,Singlet
3168,0.477272727272727,Singlet
3169,0.727272727272727,Singlet
3170,0,Singlet
3171,0,Singlet
3172,0,Singlet
3173,0,Singlet
3174,0.0227272727272727,Singlet
3175,0,Singlet
3176,0.0227272727272727,Singlet
3177,0,Singlet
3178,0,Singlet
3179,0,Singlet
3180,0.0454545454545455,Singlet
3181,0.0909090909090909,Singlet
3182,0,Singlet
3183,0,Singlet
3184,0.0454545454545455,Singlet
3185,0.0454545454545455,Singlet
3186,0,Singlet
3187,0,Singlet
3188,0,Singlet
3189,0.409090909090909,Singlet
3190,0,Singlet
3191,0.0454545454545455,Singlet
3192,0.0909090909090909,Singlet
3193,0.113636363636364,Singlet
3194,0,Singlet
3195,0.0227272727272727,Singlet
3196,0.181818181818182,Singlet
3197,0.159090909090909,Singlet
3198,0,Singlet
3199,0,Singlet
3200,0.681818181818182,Singlet
3201,0,Singlet
3202,0.0909090909090909,Singlet
3203,0,Singlet
3204,0,Singlet
3205,0,Singlet
3206,0.227272727272727,Singlet
3207,0.0227272727272727,Singlet
3208,0,Singlet
3209,0.0909090909090909,Singlet
3210,0.0681818181818182,Singlet
3211,0.0909090909090909,Singlet
3212,0,Singlet
3213,0,Singlet
3214,0,Singlet
3215,0.0227272727272727,Singlet
3216,0,Singlet
3217,0.0909090909090909,Singlet
3218,0.136363636363636,Singlet
3219,0,Singlet
3220,0.0454545454545455,Singlet
3221,0,Singlet
3222,0,Singlet
3223,0,Singlet
3224,0,Singlet
3225,0,Singlet
3226,0.0454545454545455,Singlet
3227,0.113636363636364,Singlet
3228,0.431818181818182,Singlet
3229,0.0454545454545455,Singlet
3230,0,Singlet
3231,0,Singlet
3232,0.0454545454545455,Singlet
3233,0.0454545454545455,Singlet
3234,0,Singlet
3235,0.136363636363636,Singlet
3236,0.0227272727272727,Singlet
3237,0.0454545454545455,Singlet
3238,0,Singlet
3239,0,Singlet
3240,0,Singlet
3241,0,Singlet
3242,0,Singlet
3243,0.0227272727272727,Singlet
3244,0,Singlet
3245,0.0454545454545455,Singlet
3246,0.0227272727272727,Singlet
3247,0.0454545454545455,Singlet
3248,0,Singlet
3249,0.318181818181818,Singlet
3250,0.386363636363636,Singlet
3251,0.272727272727273,Singlet
3252,0.0227272727272727,Singlet
3253,0,Singlet
3254,0,Singlet
3255,0,Singlet
3256,0.227272727272727,Singlet
3257,0,Singlet
3258,0,Singlet
3259,0.0227272727272727,Singlet
3260,0.113636363636364,Singlet
3261,0,Singlet
3262,0.318181818181818,Singlet
3263,0,Singlet
3264,0.0681818181818182,Singlet
3265,0.0681818181818182,Singlet
3266,0.0227272727272727,Singlet
3267,0,Singlet
3268,0,Singlet
3269,0,Singlet
3270,0,Singlet
3271,0,Singlet
3272,0.0227272727272727,Singlet
3273,0,Singlet
3274,0.0909090909090909,Singlet
3275,0.25,Singlet
3276,0.0227272727272727,Singlet
3277,0.0227272727272727,Singlet
3278,0.159090909090909,Singlet
3279,0,Singlet
3280,0,Singlet
3281,0.0227272727272727,Singlet
3282,0.409090909090909,Singlet
3283,0.181818181818182,Singlet
3284,0,Singlet
3285,0,Singlet
3286,0.0909090909090909,Singlet
3287,0,Singlet
3288,0.0227272727272727,Singlet
3289,0,Singlet
3290,0,Singlet
3291,0.409090909090909,Singlet
3292,0,Singlet
3293,0,Singlet
3294,0.0227272727272727,Singlet
3295,0.318181818181818,Singlet
3296,0,Singlet
3297,0.0227272727272727,Singlet
3298,0.0227272727272727,Singlet
